{
  "avg_fulfilled_demand": [
    2557.5,
    2557.5,
    2557.5,
    2148.5,
    2148.5,
    2148.5,
    2148.5,
    2148.5,
    2148.5,
    2148.5,
    2148.5,
    2148.5,
    2148.5,
    2148.5,
    2148.5
  ],
  "avg_lost_demand": [
    0.0,
    0.0,
    0.0,
    344.8,
    344.8,
    344.8,
    344.8,
    344.8,
    344.8,
    344.8,
    344.8,
    344.8,
    344.8,
    344.8,
    344.8
  ],
  "avg_cost": [
    194.29692112921032,
    194.29692112921032,
    194.29692112921032,
    63.25206312432626,
    63.25206312432626,
    63.25206312432626,
    63.25206312432626,
    63.25206312432626,
    63.25206312432626,
    63.25206312432626,
    63.25206312432626,
    63.25206312432626,
    63.25206312432626,
    63.25206312432626,
    63.25206312432626
  ],
  "avg_loss": [
    0.0,
    0.0,
    0.0,
    0.0,
    131.04500000000002,
    131.04500000000002,
    131.04500000000002,
    131.04500000000002,
    131.04500000000002,
    131.04500000000002,
    131.04500000000002,
    131.04500000000002,
    131.04500000000002,
    131.04500000000002,
    131.04500000000002
  ]
}