{
  "avg_fulfilled_demand": [
    11.6,
    11.6,
    11.6,
    11.6,
    11.6,
    11.6,
    11.6,
    11.6,
    11.6,
    11.6,
    11.6,
    11.6,
    11.6,
    11.6,
    11.6
  ],
  "avg_lost_demand": [
    0.0,
    0.0,
    0.0,
    0.0,
    0.0,
    0.0,
    0.0,
    0.0,
    0.0,
    0.0,
    0.0,
    0.0,
    0.0,
    0.0,
    0.0
  ],
  "avg_cost": [
    4.137438724011657,
    4.137438724011657,
    4.137438724011657,
    4.137438724011657,
    4.137438724011657,
    4.137438724011657,
    4.137438724011657,
    4.137438724011657,
    4.137438724011657,
    4.137438724011657,
    4.137438724011657,
    4.137438724011657,
    4.137438724011657,
    4.137438724011657,
    4.137438724011657
  ],
  "avg_loss": [
    0.0,
    0.0,
    0.0,
    0.0,
    0.0,
    0.0,
    0.0,
    0.0,
    0.0,
    0.0,
    0.0,
    0.0,
    0.0,
    0.0,
    0.0
  ]
}