{
  "avg_fulfilled_demand": [
    2528.6,
    2528.6,
    2528.6,
    2108.0,
    2108.0,
    2108.0,
    2108.0,
    2108.0,
    2108.0,
    2108.0,
    2108.0,
    2108.0,
    2108.0,
    2108.0,
    2108.0
  ],
  "avg_lost_demand": [
    0.0,
    0.0,
    0.0,
    367.7,
    367.7,
    367.7,
    367.7,
    367.7,
    367.7,
    367.7,
    367.7,
    367.7,
    367.7,
    367.7,
    367.7
  ],
  "avg_cost": [
    194.29692112921032,
    194.29692112921032,
    194.29692112921032,
    63.25206312432626,
    63.25206312432626,
    63.25206312432626,
    63.25206312432626,
    63.25206312432626,
    63.25206312432626,
    63.25206312432626,
    63.25206312432626,
    63.25206312432626,
    63.25206312432626,
    63.25206312432626,
    63.25206312432626
  ],
  "avg_loss": [
    0.0,
    0.0,
    0.0,
    0.0,
    131.04500000000002,
    131.04500000000002,
    131.04500000000002,
    131.04500000000002,
    131.04500000000002,
    131.04500000000002,
    131.04500000000002,
    131.04500000000002,
    131.04500000000002,
    131.04500000000002,
    131.04500000000002
  ]
}