{
  "avg_fulfilled_demand": [
    2500.5,
    2500.5,
    2500.5,
    2359.8,
    2359.8,
    2359.8,
    2359.8,
    2359.8,
    2359.8,
    2359.8,
    2359.8,
    2359.8,
    2359.8,
    2359.8,
    2359.8
  ],
  "avg_lost_demand": [
    0.0,
    0.0,
    0.0,
    313.7,
    313.7,
    313.7,
    313.7,
    313.7,
    313.7,
    313.7,
    313.7,
    313.7,
    313.7,
    313.7,
    313.7
  ],
  "avg_cost": [
    194.5413933326532,
    194.5413933326532,
    194.5413933326532,
    102.6822442025264,
    102.6822442025264,
    102.6822442025264,
    102.6822442025264,
    102.6822442025264,
    102.6822442025264,
    102.6822442025264,
    102.6822442025264,
    102.6822442025264,
    102.6822442025264,
    102.6822442025264,
    102.6822442025264
  ],
  "avg_loss": [
    0.0,
    0.0,
    0.0,
    0.0,
    91.86,
    91.86,
    91.86,
    91.86,
    91.86,
    91.86,
    91.86,
    91.86,
    91.86,
    91.86,
    91.86
  ]
}