{
  "sum_fulfilled_demand": [
    25005.0,
    25005.0,
    25005.0,
    23598.0,
    23598.0,
    23598.0,
    23598.0,
    23598.0,
    23598.0,
    23598.0,
    23598.0,
    23598.0,
    23598.0,
    23598.0,
    23598.0
  ],
  "sum_lost_demand": [
    0.0,
    0.0,
    0.0,
    3137.0,
    3137.0,
    3137.0,
    3137.0,
    3137.0,
    3137.0,
    3137.0,
    3137.0,
    3137.0,
    3137.0,
    3137.0,
    3137.0
  ],
  "sum_cost": [
    1945.413933326532,
    1945.413933326532,
    1945.413933326532,
    1026.822442025264,
    1026.822442025264,
    1026.822442025264,
    1026.822442025264,
    1026.822442025264,
    1026.822442025264,
    1026.822442025264,
    1026.822442025264,
    1026.822442025264,
    1026.822442025264,
    1026.822442025264,
    1026.822442025264
  ],
  "sum_loss": [
    0.0,
    0.0,
    0.0,
    0.0,
    918.6,
    918.6,
    918.6,
    918.6,
    918.6,
    918.6,
    918.6,
    918.6,
    918.6,
    918.6,
    918.6
  ]
}