{
  "sum_fulfilled_demand": [
    116.0,
    116.0,
    116.0,
    116.0,
    116.0,
    116.0,
    116.0,
    116.0,
    116.0,
    116.0,
    116.0,
    116.0,
    116.0,
    116.0,
    116.0
  ],
  "sum_lost_demand": [
    0.0,
    0.0,
    0.0,
    0.0,
    0.0,
    0.0,
    0.0,
    0.0,
    0.0,
    0.0,
    0.0,
    0.0,
    0.0,
    0.0,
    0.0
  ],
  "sum_cost": [
    41.37438724011657,
    41.37438724011657,
    41.37438724011657,
    41.37438724011657,
    41.37438724011657,
    41.37438724011657,
    41.37438724011657,
    41.37438724011657,
    41.37438724011657,
    41.37438724011657,
    41.37438724011657,
    41.37438724011657,
    41.37438724011657,
    41.37438724011657,
    41.37438724011657
  ],
  "sum_loss": [
    0.0,
    0.0,
    0.0,
    0.0,
    0.0,
    0.0,
    0.0,
    0.0,
    0.0,
    0.0,
    0.0,
    0.0,
    0.0,
    0.0,
    0.0
  ]
}