{
  "sum_fulfilled_demand": [
    25286.0,
    25286.0,
    25286.0,
    21080.0,
    21080.0,
    21080.0,
    21080.0,
    21080.0,
    21080.0,
    21080.0,
    21080.0,
    21080.0,
    21080.0,
    21080.0,
    21080.0
  ],
  "sum_lost_demand": [
    0.0,
    0.0,
    0.0,
    3677.0,
    3677.0,
    3677.0,
    3677.0,
    3677.0,
    3677.0,
    3677.0,
    3677.0,
    3677.0,
    3677.0,
    3677.0,
    3677.0
  ],
  "sum_cost": [
    1942.9692112921032,
    1942.9692112921032,
    1942.9692112921032,
    632.5206312432626,
    632.5206312432626,
    632.5206312432626,
    632.5206312432626,
    632.5206312432626,
    632.5206312432626,
    632.5206312432626,
    632.5206312432626,
    632.5206312432626,
    632.5206312432626,
    632.5206312432626,
    632.5206312432626
  ],
  "sum_loss": [
    0.0,
    0.0,
    0.0,
    0.0,
    1310.45,
    1310.45,
    1310.45,
    1310.45,
    1310.45,
    1310.45,
    1310.45,
    1310.45,
    1310.45,
    1310.45,
    1310.45
  ]
}