{
  "sum_fulfilled_demand": [
    25575.0,
    25575.0,
    25575.0,
    21485.0,
    21485.0,
    21485.0,
    21485.0,
    21485.0,
    21485.0,
    21485.0,
    21485.0,
    21485.0,
    21485.0,
    21485.0,
    21485.0
  ],
  "sum_lost_demand": [
    0.0,
    0.0,
    0.0,
    3448.0,
    3448.0,
    3448.0,
    3448.0,
    3448.0,
    3448.0,
    3448.0,
    3448.0,
    3448.0,
    3448.0,
    3448.0,
    3448.0
  ],
  "sum_cost": [
    1942.9692112921032,
    1942.9692112921032,
    1942.9692112921032,
    632.5206312432626,
    632.5206312432626,
    632.5206312432626,
    632.5206312432626,
    632.5206312432626,
    632.5206312432626,
    632.5206312432626,
    632.5206312432626,
    632.5206312432626,
    632.5206312432626,
    632.5206312432626,
    632.5206312432626
  ],
  "sum_loss": [
    0.0,
    0.0,
    0.0,
    0.0,
    1310.45,
    1310.45,
    1310.45,
    1310.45,
    1310.45,
    1310.45,
    1310.45,
    1310.45,
    1310.45,
    1310.45,
    1310.45
  ]
}