{
  "avg_fulfilled_demand": [
    37.3,
    37.3,
    37.3,
    37.3,
    37.3,
    37.3,
    37.3,
    37.3,
    37.3,
    37.3,
    37.3,
    37.3,
    37.3,
    37.3,
    37.3
  ],
  "avg_lost_demand": [
    0.0,
    0.0,
    0.0,
    3.0,
    3.0,
    3.0,
    3.0,
    3.0,
    3.0,
    3.0,
    3.0,
    3.0,
    3.0,
    3.0,
    3.0
  ],
  "avg_cost": [
    939.9852409151406,
    939.9852409151406,
    939.9852409151406,
    939.9852409151406,
    939.9852409151406,
    939.9852409151406,
    939.9852409151406,
    939.9852409151406,
    939.9852409151406,
    939.9852409151406,
    939.9852409151406,
    939.9852409151406,
    939.9852409151406,
    939.9852409151406,
    939.9852409151406
  ],
  "avg_loss": [
    0.0,
    0.0,
    0.0,
    0.0,
    0.0,
    0.0,
    0.0,
    0.0,
    0.0,
    0.0,
    0.0,
    0.0,
    0.0,
    0.0,
    0.0
  ]
}