{
  "avg_fulfilled_demand": [
    4574.6,
    4627.0,
    0.0,
    113.4,
    2193.0,
    4604.3,
    4166.9,
    4150.8,
    4455.0,
    4493.2,
    4517.2,
    4406.8,
    4292.2,
    4202.1,
    4450.9
  ],
  "avg_lost_demand": [
    0.0,
    0.0,
    230.0,
    230.0,
    230.0,
    261.3,
    248.0,
    260.5,
    0.0,
    0.0,
    0.0,
    0.0,
    0.0,
    0.0,
    0.0
  ],
  "avg_cost": [
    757.8567913716422,
    757.8567913716422,
    764.2817070705448,
    764.2817070705448,
    764.2817070705448,
    759.7096504502399,
    759.7096504502399,
    759.7096504502399,
    757.8567913716422,
    757.8567913716422,
    757.8567913716422,
    757.8567913716422,
    757.8567913716422,
    757.8567913716422,
    757.8567913716422
  ],
  "avg_loss": [
    0.0,
    0.0,
    6.4249156989025895,
    6.4249156989025895,
    6.4249156989025895,
    1.8528590785976575,
    1.8528590785976575,
    1.8528590785976575,
    0.0,
    0.0,
    0.0,
    0.0,
    0.0,
    0.0,
    0.0
  ]
}