{
  "avg_fulfilled_demand": [
    207.2,
    0.0,
    505.8,
    1627.1,
    3233.2,
    3645.8,
    3956.5,
    4305.1,
    3549.9,
    3734.1,
    3809.8,
    3557.0,
    3768.5,
    3689.5,
    3631.6
  ],
  "avg_lost_demand": [
    0.0,
    0.0,
    0.0,
    0.0,
    0.0,
    0.0,
    0.0,
    0.0,
    0.0,
    0.0,
    0.0,
    0.0,
    0.0,
    0.0,
    0.0
  ],
  "avg_cost": [
    759.6340000000001,
    6507.249526581693,
    6507.249526581693,
    6507.249526581693,
    6507.249526581693,
    6507.249526581693,
    6507.249526581693,
    6507.249526581693,
    6507.249526581693,
    6507.249526581693,
    6507.249526581693,
    6507.249526581693,
    6507.249526581693,
    6507.249526581693,
    6507.249526581693
  ],
  "avg_loss": [
    759.6340000000001,
    759.6340000000001,
    759.6340000000001,
    759.6340000000001,
    759.6340000000001,
    759.6340000000001,
    759.6340000000001,
    759.6340000000001,
    759.6340000000001,
    759.6340000000001,
    759.6340000000001,
    759.6340000000001,
    759.6340000000001,
    759.6340000000001,
    759.6340000000001
  ]
}