{
  "avg_fulfilled_demand": [
    1892.2,
    1892.2,
    1892.2,
    1892.2,
    1892.2,
    1892.2,
    1892.2,
    1892.2,
    1892.2,
    1892.2,
    1892.2,
    1892.2,
    1892.2,
    1892.2,
    1892.2
  ],
  "avg_lost_demand": [
    0.0,
    0.0,
    583.2,
    583.2,
    583.2,
    583.2,
    583.2,
    583.2,
    583.2,
    583.2,
    583.2,
    583.2,
    583.2,
    583.2,
    583.2
  ],
  "avg_cost": [
    1043.6435836645692,
    1043.6435836645692,
    1043.6435836645692,
    1043.6435836645692,
    1043.6435836645692,
    1043.6435836645692,
    1043.6435836645692,
    1043.6435836645692,
    1043.6435836645692,
    1043.6435836645692,
    1043.6435836645692,
    1043.6435836645692,
    1043.6435836645692,
    1043.6435836645692,
    1043.6435836645692
  ],
  "avg_loss": [
    0.0,
    0.0,
    0.0,
    0.0,
    0.0,
    0.0,
    0.0,
    0.0,
    0.0,
    0.0,
    0.0,
    0.0,
    0.0,
    0.0,
    0.0
  ]
}