{
  "avg_fulfilled_demand": [
    2162.8,
    2162.8,
    2162.8,
    2162.8,
    2162.8,
    2162.8,
    2162.8,
    2162.8,
    2162.8,
    2162.8,
    2162.8,
    2162.8,
    2162.8,
    2162.8,
    2162.8
  ],
  "avg_lost_demand": [
    0.0,
    0.0,
    0.0,
    0.0,
    636.7,
    636.7,
    636.7,
    636.7,
    636.7,
    636.7,
    636.7,
    636.7,
    636.7,
    636.7,
    636.7
  ],
  "avg_cost": [
    1016.628247424295,
    1016.628247424295,
    1016.628247424295,
    1016.628247424295,
    1013.2678664640231,
    1013.2678664640231,
    1013.2678664640231,
    1013.2678664640231,
    1013.2678664640231,
    1013.2678664640231,
    1013.2678664640231,
    1013.2678664640231,
    1013.2678664640231,
    1013.2678664640231,
    1013.2678664640231
  ],
  "avg_loss": [
    0.0,
    0.0,
    0.0,
    0.0,
    0.0,
    7.161000000000001,
    7.161000000000001,
    7.161000000000001,
    7.161000000000001,
    7.161000000000001,
    7.161000000000001,
    7.161000000000001,
    7.161000000000001,
    7.161000000000001,
    7.161000000000001
  ]
}