{
  "avg_fulfilled_demand": [
    150.1,
    0.0,
    451.3,
    1336.9,
    3194.8,
    3566.3,
    3600.2,
    3347.1,
    3721.2,
    3587.9,
    3608.7,
    4130.4,
    3849.3,
    3951.8,
    3764.0
  ],
  "avg_lost_demand": [
    0.0,
    0.0,
    0.0,
    0.0,
    0.0,
    0.0,
    0.0,
    0.0,
    0.0,
    0.0,
    0.0,
    0.0,
    0.0,
    0.0,
    0.0
  ],
  "avg_cost": [
    762.686,
    6676.004768495365,
    6676.004768495365,
    6676.004768495365,
    6676.004768495365,
    6676.004768495365,
    6676.004768495365,
    6676.004768495365,
    6676.004768495365,
    6676.004768495365,
    6676.004768495365,
    6676.004768495365,
    6676.004768495365,
    6676.004768495365,
    6676.004768495365
  ],
  "avg_loss": [
    762.686,
    762.686,
    762.686,
    762.686,
    762.686,
    762.686,
    762.686,
    762.686,
    762.686,
    762.686,
    762.686,
    762.686,
    762.686,
    762.686,
    762.686
  ]
}