{
  "sum_fulfilled_demand": [
    21628.0,
    21628.0,
    21628.0,
    21628.0,
    21628.0,
    21628.0,
    21628.0,
    21628.0,
    21628.0,
    21628.0,
    21628.0,
    21628.0,
    21628.0,
    21628.0,
    21628.0
  ],
  "sum_lost_demand": [
    0.0,
    0.0,
    0.0,
    0.0,
    6367.0,
    6367.0,
    6367.0,
    6367.0,
    6367.0,
    6367.0,
    6367.0,
    6367.0,
    6367.0,
    6367.0,
    6367.0
  ],
  "sum_cost": [
    10166.28247424295,
    10166.28247424295,
    10166.28247424295,
    10166.28247424295,
    10132.67866464023,
    10132.67866464023,
    10132.67866464023,
    10132.67866464023,
    10132.67866464023,
    10132.67866464023,
    10132.67866464023,
    10132.67866464023,
    10132.67866464023,
    10132.67866464023,
    10132.67866464023
  ],
  "sum_loss": [
    0.0,
    0.0,
    0.0,
    0.0,
    0.0,
    71.61000000000001,
    71.61000000000001,
    71.61000000000001,
    71.61000000000001,
    71.61000000000001,
    71.61000000000001,
    71.61000000000001,
    71.61000000000001,
    71.61000000000001,
    71.61000000000001
  ]
}