{
  "sum_fulfilled_demand": [
    373.0,
    373.0,
    373.0,
    373.0,
    373.0,
    373.0,
    373.0,
    373.0,
    373.0,
    373.0,
    373.0,
    373.0,
    373.0,
    373.0,
    373.0
  ],
  "sum_lost_demand": [
    0.0,
    0.0,
    0.0,
    30.0,
    30.0,
    30.0,
    30.0,
    30.0,
    30.0,
    30.0,
    30.0,
    30.0,
    30.0,
    30.0,
    30.0
  ],
  "sum_cost": [
    9399.852409151406,
    9399.852409151406,
    9399.852409151406,
    9399.852409151406,
    9399.852409151406,
    9399.852409151406,
    9399.852409151406,
    9399.852409151406,
    9399.852409151406,
    9399.852409151406,
    9399.852409151406,
    9399.852409151406,
    9399.852409151406,
    9399.852409151406,
    9399.852409151406
  ],
  "sum_loss": [
    0.0,
    0.0,
    0.0,
    0.0,
    0.0,
    0.0,
    0.0,
    0.0,
    0.0,
    0.0,
    0.0,
    0.0,
    0.0,
    0.0,
    0.0
  ]
}