{
  "sum_fulfilled_demand": [
    1501.0,
    0.0,
    4513.0,
    13369.0,
    31948.0,
    35663.0,
    36002.0,
    33471.0,
    37212.0,
    35879.0,
    36087.0,
    41304.0,
    38493.0,
    39518.0,
    37640.0
  ],
  "sum_lost_demand": [
    0.0,
    0.0,
    0.0,
    0.0,
    0.0,
    0.0,
    0.0,
    0.0,
    0.0,
    0.0,
    0.0,
    0.0,
    0.0,
    0.0,
    0.0
  ],
  "sum_cost": [
    7626.860000000001,
    66760.04768495365,
    66760.04768495365,
    66760.04768495365,
    66760.04768495365,
    66760.04768495365,
    66760.04768495365,
    66760.04768495365,
    66760.04768495365,
    66760.04768495365,
    66760.04768495365,
    66760.04768495365,
    66760.04768495365,
    66760.04768495365,
    66760.04768495365
  ],
  "sum_loss": [
    7626.860000000001,
    7626.860000000001,
    7626.860000000001,
    7626.860000000001,
    7626.860000000001,
    7626.860000000001,
    7626.860000000001,
    7626.860000000001,
    7626.860000000001,
    7626.860000000001,
    7626.860000000001,
    7626.860000000001,
    7626.860000000001,
    7626.860000000001,
    7626.860000000001
  ]
}