{
  "sum_fulfilled_demand": [
    45746.0,
    46270.0,
    0.0,
    1134.0,
    21930.0,
    46043.0,
    41669.0,
    41508.0,
    44550.0,
    44932.0,
    45172.0,
    44068.0,
    42922.0,
    42021.0,
    44509.0
  ],
  "sum_lost_demand": [
    0.0,
    0.0,
    2300.0,
    2300.0,
    2300.0,
    2613.0,
    2480.0,
    2605.0,
    0.0,
    0.0,
    0.0,
    0.0,
    0.0,
    0.0,
    0.0
  ],
  "sum_cost": [
    7578.5679137164225,
    7578.5679137164225,
    7642.817070705449,
    7642.817070705449,
    7642.817070705449,
    7597.0965045023995,
    7597.0965045023995,
    7597.0965045023995,
    7578.5679137164225,
    7578.5679137164225,
    7578.5679137164225,
    7578.5679137164225,
    7578.5679137164225,
    7578.5679137164225,
    7578.5679137164225
  ],
  "sum_loss": [
    0.0,
    0.0,
    64.24915698902589,
    64.24915698902589,
    64.24915698902589,
    18.528590785976576,
    18.528590785976576,
    18.528590785976576,
    0.0,
    0.0,
    0.0,
    0.0,
    0.0,
    0.0,
    0.0
  ]
}