{
  "sum_fulfilled_demand": [
    18922.0,
    18922.0,
    18922.0,
    18922.0,
    18922.0,
    18922.0,
    18922.0,
    18922.0,
    18922.0,
    18922.0,
    18922.0,
    18922.0,
    18922.0,
    18922.0,
    18922.0
  ],
  "sum_lost_demand": [
    0.0,
    0.0,
    5832.0,
    5832.0,
    5832.0,
    5832.0,
    5832.0,
    5832.0,
    5832.0,
    5832.0,
    5832.0,
    5832.0,
    5832.0,
    5832.0,
    5832.0
  ],
  "sum_cost": [
    10436.435836645693,
    10436.435836645693,
    10436.435836645693,
    10436.435836645693,
    10436.435836645693,
    10436.435836645693,
    10436.435836645693,
    10436.435836645693,
    10436.435836645693,
    10436.435836645693,
    10436.435836645693,
    10436.435836645693,
    10436.435836645693,
    10436.435836645693,
    10436.435836645693
  ],
  "sum_loss": [
    0.0,
    0.0,
    0.0,
    0.0,
    0.0,
    0.0,
    0.0,
    0.0,
    0.0,
    0.0,
    0.0,
    0.0,
    0.0,
    0.0,
    0.0
  ]
}