{
  "sum_fulfilled_demand": [
    2072.0,
    0.0,
    5058.0,
    16271.0,
    32332.0,
    36458.0,
    39565.0,
    43051.0,
    35499.0,
    37341.0,
    38098.0,
    35570.0,
    37685.0,
    36895.0,
    36316.0
  ],
  "sum_lost_demand": [
    0.0,
    0.0,
    0.0,
    0.0,
    0.0,
    0.0,
    0.0,
    0.0,
    0.0,
    0.0,
    0.0,
    0.0,
    0.0,
    0.0,
    0.0
  ],
  "sum_cost": [
    7596.340000000001,
    65072.495265816935,
    65072.495265816935,
    65072.495265816935,
    65072.495265816935,
    65072.495265816935,
    65072.495265816935,
    65072.495265816935,
    65072.495265816935,
    65072.495265816935,
    65072.495265816935,
    65072.495265816935,
    65072.495265816935,
    65072.495265816935,
    65072.495265816935
  ],
  "sum_loss": [
    7596.340000000001,
    7596.340000000001,
    7596.340000000001,
    7596.340000000001,
    7596.340000000001,
    7596.340000000001,
    7596.340000000001,
    7596.340000000001,
    7596.340000000001,
    7596.340000000001,
    7596.340000000001,
    7596.340000000001,
    7596.340000000001,
    7596.340000000001,
    7596.340000000001
  ]
}