{
  "avg_fulfilled_demand": [
    4957.2,
    4957.2,
    4769.9,
    5068.9,
    0.0,
    0.0,
    1561.4,
    2633.7,
    2308.2,
    4035.1,
    5635.6,
    5635.6,
    5475.6,
    5475.6,
    5236.9,
    5607.5,
    5641.4,
    5641.4,
    5551.8,
    5551.8
  ],
  "avg_lost_demand": [
    0.0,
    0.0,
    0.0,
    0.0,
    0.0,
    0.0,
    0.0,
    0.0,
    0.0,
    0.0,
    0.0,
    0.0,
    0.0,
    0.0,
    0.0,
    0.0,
    0.0,
    0.0,
    0.0,
    0.0
  ],
  "avg_cost": [
    1248.2572661987717,
    1248.2572661987717,
    1248.2572661987717,
    1248.2572661987717,
    1250.1886301957836,
    1250.1886301957836,
    1250.1886301957836,
    1250.1886301957836,
    1248.2572661987717,
    1248.2572661987717,
    1248.2572661987717,
    1248.2572661987717,
    1248.2572661987717,
    1248.2572661987717,
    1248.2572661987717,
    1248.2572661987717,
    1248.2572661987717,
    1248.2572661987717,
    1248.2572661987717,
    1248.2572661987717
  ],
  "avg_loss": [
    0.0,
    0.0,
    0.0,
    0.0,
    1.9313639970120904,
    1.9313639970120904,
    1.9313639970120904,
    1.9313639970120904,
    0.0,
    0.0,
    0.0,
    0.0,
    0.0,
    0.0,
    0.0,
    0.0,
    0.0,
    0.0,
    0.0,
    0.0
  ],
  "avg_lead_time": [
    3.0646485724536494,
    3.0646485724536494,
    3.0646485724536494,
    3.0646485724536494,
    3.0597195632734344,
    3.0597195632734344,
    3.0597195632734344,
    3.0597195632734344,
    3.0646485724536494,
    3.0646485724536494,
    3.0646485724536494,
    3.0646485724536494,
    3.0646485724536494,
    3.0646485724536494,
    3.0646485724536494,
    3.0646485724536494,
    3.0646485724536494,
    3.0646485724536494,
    3.0646485724536494,
    3.0646485724536494
  ]
}