{
  "sum_fulfilled_demand": [
    49572.0,
    49572.0,
    47699.0,
    50689.0,
    0.0,
    0.0,
    15614.0,
    26337.0,
    23082.0,
    40351.0,
    56356.0,
    56356.0,
    54756.0,
    54756.0,
    52369.0,
    56075.0,
    56414.0,
    56414.0,
    55518.0,
    55518.0
  ],
  "sum_lost_demand": [
    0.0,
    0.0,
    0.0,
    0.0,
    0.0,
    0.0,
    0.0,
    0.0,
    0.0,
    0.0,
    0.0,
    0.0,
    0.0,
    0.0,
    0.0,
    0.0,
    0.0,
    0.0,
    0.0,
    0.0
  ],
  "sum_cost": [
    12482.572661987717,
    12482.572661987717,
    12482.572661987717,
    12482.572661987717,
    12501.886301957837,
    12501.886301957837,
    12501.886301957837,
    12501.886301957837,
    12482.572661987717,
    12482.572661987717,
    12482.572661987717,
    12482.572661987717,
    12482.572661987717,
    12482.572661987717,
    12482.572661987717,
    12482.572661987717,
    12482.572661987717,
    12482.572661987717,
    12482.572661987717,
    12482.572661987717
  ],
  "sum_loss": [
    0.0,
    0.0,
    0.0,
    0.0,
    19.313639970120903,
    19.313639970120903,
    19.313639970120903,
    19.313639970120903,
    0.0,
    0.0,
    0.0,
    0.0,
    0.0,
    0.0,
    0.0,
    0.0,
    0.0,
    0.0,
    0.0,
    0.0
  ],
  "sum_lead_time": [
    30.646485724536493,
    30.646485724536493,
    30.646485724536493,
    30.646485724536493,
    30.597195632734344,
    30.597195632734344,
    30.597195632734344,
    30.597195632734344,
    30.646485724536493,
    30.646485724536493,
    30.646485724536493,
    30.646485724536493,
    30.646485724536493,
    30.646485724536493,
    30.646485724536493,
    30.646485724536493,
    30.646485724536493,
    30.646485724536493,
    30.646485724536493,
    30.646485724536493
  ]
}