{"Agent 0":{"1_fulfilled_demand":911.0,"1_lost_demand":0.0,"2_fulfilled_demand":911.0,"2_lost_demand":5290.7385723451,"3_fulfilled_demand":911.0,"3_lost_demand":10581.4771446903,"4_fulfilled_demand":911.0,"4_lost_demand":15872.2157170354,"5_fulfilled_demand":911.0,"5_lost_demand":21162.9542893806,"6_fulfilled_demand":911.0,"6_lost_demand":26453.6928617257,"7_fulfilled_demand":911.0,"7_lost_demand":31744.4314340709,"8_fulfilled_demand":911.0,"8_lost_demand":37035.170006416,"9_fulfilled_demand":911.0,"9_lost_demand":42325.9085787611,"10_fulfilled_demand":911.0,"10_lost_demand":47616.6471511063,"11_fulfilled_demand":911.0,"11_lost_demand":52907.3857234514,"12_fulfilled_demand":911.0,"12_lost_demand":58198.1242957966,"13_fulfilled_demand":911.0,"13_lost_demand":63488.8628681417,"14_fulfilled_demand":911.0,"14_lost_demand":68779.6014404869,"15_fulfilled_demand":911.0,"15_lost_demand":74070.340012832},"Agent 1":{"1_fulfilled_demand":854.0,"1_lost_demand":0.0,"2_fulfilled_demand":854.0,"2_lost_demand":15465.2516535262,"3_fulfilled_demand":854.0,"3_lost_demand":30930.5033070523,"4_fulfilled_demand":854.0,"4_lost_demand":46395.7549605785,"5_fulfilled_demand":854.0,"5_lost_demand":61861.0066141046,"6_fulfilled_demand":854.0,"6_lost_demand":77326.2582676308,"7_fulfilled_demand":854.0,"7_lost_demand":92791.5099211569,"8_fulfilled_demand":854.0,"8_lost_demand":108256.7615746831,"9_fulfilled_demand":854.0,"9_lost_demand":123722.0132282092,"10_fulfilled_demand":854.0,"10_lost_demand":139187.2648817354,"11_fulfilled_demand":854.0,"11_lost_demand":154652.5165352616,"12_fulfilled_demand":854.0,"12_lost_demand":170117.7681887877,"13_fulfilled_demand":854.0,"13_lost_demand":185583.0198423139,"14_fulfilled_demand":854.0,"14_lost_demand":201048.27149584,"15_fulfilled_demand":854.0,"15_lost_demand":216513.5231493662},"Agent 2":{"1_fulfilled_demand":433.0,"1_lost_demand":0.0,"2_fulfilled_demand":433.0,"2_lost_demand":445.0028209713,"3_fulfilled_demand":433.0,"3_lost_demand":890.0056419427,"4_fulfilled_demand":433.0,"4_lost_demand":1335.008462914,"5_fulfilled_demand":433.0,"5_lost_demand":1780.0112838853,"6_fulfilled_demand":433.0,"6_lost_demand":2225.0141048566,"7_fulfilled_demand":433.0,"7_lost_demand":2670.016925828,"8_fulfilled_demand":433.0,"8_lost_demand":3115.0197467993,"9_fulfilled_demand":433.0,"9_lost_demand":3560.0225677706,"10_fulfilled_demand":433.0,"10_lost_demand":4005.025388742,"11_fulfilled_demand":433.0,"11_lost_demand":4450.0282097133,"12_fulfilled_demand":433.0,"12_lost_demand":4895.0310306846,"13_fulfilled_demand":433.0,"13_lost_demand":5340.0338516559,"14_fulfilled_demand":433.0,"14_lost_demand":5785.0366726273,"15_fulfilled_demand":433.0,"15_lost_demand":6230.0394935986},"Agent 3":{"1_fulfilled_demand":571.0,"1_lost_demand":0.0,"2_fulfilled_demand":571.0,"2_lost_demand":1513.8382373673,"3_fulfilled_demand":571.0,"3_lost_demand":3027.6764747346,"4_fulfilled_demand":571.0,"4_lost_demand":4541.5147121019,"5_fulfilled_demand":571.0,"5_lost_demand":6055.3529494692,"6_fulfilled_demand":571.0,"6_lost_demand":7569.1911868365,"7_fulfilled_demand":571.0,"7_lost_demand":9083.0294242038,"8_fulfilled_demand":571.0,"8_lost_demand":10596.867661571,"9_fulfilled_demand":571.0,"9_lost_demand":12110.7058989383,"10_fulfilled_demand":571.0,"10_lost_demand":13624.5441363056,"11_fulfilled_demand":571.0,"11_lost_demand":15138.3823736729,"12_fulfilled_demand":571.0,"12_lost_demand":16652.2206110402,"13_fulfilled_demand":571.0,"13_lost_demand":18166.0588484075,"14_fulfilled_demand":571.0,"14_lost_demand":19679.8970857748,"15_fulfilled_demand":571.0,"15_lost_demand":21193.7353231421},"Agent 4":{"1_fulfilled_demand":857.0,"1_lost_demand":0.0,"2_fulfilled_demand":857.0,"2_lost_demand":13237.4057341327,"3_fulfilled_demand":857.0,"3_lost_demand":26474.8114682654,"4_fulfilled_demand":857.0,"4_lost_demand":39712.2172023982,"5_fulfilled_demand":857.0,"5_lost_demand":52949.6229365309,"6_fulfilled_demand":857.0,"6_lost_demand":66187.0286706636,"7_fulfilled_demand":857.0,"7_lost_demand":79424.4344047963,"8_fulfilled_demand":857.0,"8_lost_demand":92661.840138929,"9_fulfilled_demand":857.0,"9_lost_demand":105899.2458730617,"10_fulfilled_demand":857.0,"10_lost_demand":119136.6516071944,"11_fulfilled_demand":857.0,"11_lost_demand":132374.0573413272,"12_fulfilled_demand":857.0,"12_lost_demand":145611.4630754599,"13_fulfilled_demand":857.0,"13_lost_demand":158848.8688095926,"14_fulfilled_demand":857.0,"14_lost_demand":172086.2745437253,"15_fulfilled_demand":857.0,"15_lost_demand":185323.680277858},"Agent 5":{"1_fulfilled_demand":456.0,"1_lost_demand":0.0,"2_fulfilled_demand":456.0,"2_lost_demand":1997.7346460531,"3_fulfilled_demand":456.0,"3_lost_demand":3995.4692921063,"4_fulfilled_demand":456.0,"4_lost_demand":5993.2039381594,"5_fulfilled_demand":456.0,"5_lost_demand":7990.9385842125,"6_fulfilled_demand":456.0,"6_lost_demand":9988.6732302657,"7_fulfilled_demand":456.0,"7_lost_demand":11986.4078763188,"8_fulfilled_demand":456.0,"8_lost_demand":13984.1425223719,"9_fulfilled_demand":456.0,"9_lost_demand":15981.8771684251,"10_fulfilled_demand":456.0,"10_lost_demand":17979.6118144782,"11_fulfilled_demand":456.0,"11_lost_demand":19977.3464605313,"12_fulfilled_demand":456.0,"12_lost_demand":21975.0811065845,"13_fulfilled_demand":456.0,"13_lost_demand":23972.8157526376,"14_fulfilled_demand":456.0,"14_lost_demand":25970.5503986907,"15_fulfilled_demand":456.0,"15_lost_demand":27968.2850447439},"Agent 6":{"1_fulfilled_demand":832.0,"1_lost_demand":0.0,"2_fulfilled_demand":832.0,"2_lost_demand":8498.2793736405,"3_fulfilled_demand":832.0,"3_lost_demand":16996.5587472811,"4_fulfilled_demand":832.0,"4_lost_demand":25494.8381209216,"5_fulfilled_demand":832.0,"5_lost_demand":33993.1174945621,"6_fulfilled_demand":832.0,"6_lost_demand":42491.3968682026,"7_fulfilled_demand":832.0,"7_lost_demand":50989.6762418432,"8_fulfilled_demand":832.0,"8_lost_demand":59487.9556154837,"9_fulfilled_demand":832.0,"9_lost_demand":67986.2349891242,"10_fulfilled_demand":832.0,"10_lost_demand":76484.5143627647,"11_fulfilled_demand":832.0,"11_lost_demand":84982.7937364053,"12_fulfilled_demand":832.0,"12_lost_demand":93481.0731100458,"13_fulfilled_demand":832.0,"13_lost_demand":101979.3524836863,"14_fulfilled_demand":832.0,"14_lost_demand":110477.6318573269,"15_fulfilled_demand":832.0,"15_lost_demand":118975.9112309674},"Agent 7":{"1_fulfilled_demand":919.0,"1_lost_demand":0.0,"2_fulfilled_demand":919.0,"2_lost_demand":13491.2232203927,"3_fulfilled_demand":919.0,"3_lost_demand":26982.4464407853,"4_fulfilled_demand":919.0,"4_lost_demand":40473.669661178,"5_fulfilled_demand":919.0,"5_lost_demand":53964.8928815707,"6_fulfilled_demand":919.0,"6_lost_demand":67456.1161019634,"7_fulfilled_demand":919.0,"7_lost_demand":80947.339322356,"8_fulfilled_demand":919.0,"8_lost_demand":94438.5625427487,"9_fulfilled_demand":919.0,"9_lost_demand":107929.7857631414,"10_fulfilled_demand":919.0,"10_lost_demand":121421.008983534,"11_fulfilled_demand":919.0,"11_lost_demand":134912.2322039267,"12_fulfilled_demand":919.0,"12_lost_demand":148403.4554243194,"13_fulfilled_demand":919.0,"13_lost_demand":161894.6786447121,"14_fulfilled_demand":919.0,"14_lost_demand":175385.9018651048,"15_fulfilled_demand":919.0,"15_lost_demand":188877.1250854974},"Agent 8":{"1_fulfilled_demand":569.0,"1_lost_demand":0.0,"2_fulfilled_demand":569.0,"2_lost_demand":3840.4352584821,"3_fulfilled_demand":569.0,"3_lost_demand":7680.8705169643,"4_fulfilled_demand":569.0,"4_lost_demand":11521.3057754464,"5_fulfilled_demand":569.0,"5_lost_demand":15361.7410339286,"6_fulfilled_demand":569.0,"6_lost_demand":19202.1762924107,"7_fulfilled_demand":569.0,"7_lost_demand":23042.6115508929,"8_fulfilled_demand":569.0,"8_lost_demand":26883.046809375,"9_fulfilled_demand":569.0,"9_lost_demand":30723.4820678571,"10_fulfilled_demand":569.0,"10_lost_demand":34563.9173263393,"11_fulfilled_demand":569.0,"11_lost_demand":38404.3525848214,"12_fulfilled_demand":569.0,"12_lost_demand":42244.7878433036,