{"Agent 0":{"1_fulfilled_demand":430.0,"1_lost_demand":0.0,"2_fulfilled_demand":860.0,"2_lost_demand":0.0,"3_fulfilled_demand":1290.0,"3_lost_demand":0.0,"4_fulfilled_demand":1290.0,"4_lost_demand":2102.9684775397,"5_fulfilled_demand":1290.0,"5_lost_demand":4205.9369550794,"6_fulfilled_demand":1290.0,"6_lost_demand":6308.9054326191,"7_fulfilled_demand":1290.0,"7_lost_demand":8411.8739101588,"8_fulfilled_demand":1290.0,"8_lost_demand":10514.8423876985,"9_fulfilled_demand":1290.0,"9_lost_demand":12617.8108652382,"10_fulfilled_demand":1290.0,"10_lost_demand":14720.7793427779,"11_fulfilled_demand":1720.0,"11_lost_demand":14720.7793427779,"12_fulfilled_demand":2150.0,"12_lost_demand":14720.7793427779,"13_fulfilled_demand":2580.0,"13_lost_demand":14720.7793427779,"14_fulfilled_demand":3010.0,"14_lost_demand":14720.7793427779,"15_fulfilled_demand":3440.0,"15_lost_demand":14720.7793427779},"Agent 1":{"1_fulfilled_demand":780.0,"1_lost_demand":0.0,"2_fulfilled_demand":1560.0,"2_lost_demand":0.0,"3_fulfilled_demand":2340.0,"3_lost_demand":0.0,"4_fulfilled_demand":2340.0,"4_lost_demand":763.5227729445,"5_fulfilled_demand":2340.0,"5_lost_demand":1527.045545889,"6_fulfilled_demand":2340.0,"6_lost_demand":2290.5683188335,"7_fulfilled_demand":2340.0,"7_lost_demand":3054.0910917781,"8_fulfilled_demand":2340.0,"8_lost_demand":3817.6138647226,"9_fulfilled_demand":2340.0,"9_lost_demand":4581.1366376671,"10_fulfilled_demand":2340.0,"10_lost_demand":5344.6594106116,"11_fulfilled_demand":3120.0,"11_lost_demand":5344.6594106116,"12_fulfilled_demand":3900.0,"12_lost_demand":5344.6594106116,"13_fulfilled_demand":4680.0,"13_lost_demand":5344.6594106116,"14_fulfilled_demand":5460.0,"14_lost_demand":5344.6594106116,"15_fulfilled_demand":6240.0,"15_lost_demand":5344.6594106116},"Agent 2":{"1_fulfilled_demand":537.0,"1_lost_demand":0.0,"2_fulfilled_demand":1074.0,"2_lost_demand":0.0,"3_fulfilled_demand":1611.0,"3_lost_demand":0.0,"4_fulfilled_demand":1611.0,"4_lost_demand":1310.7285745873,"5_fulfilled_demand":1611.0,"5_lost_demand":2621.4571491746,"6_fulfilled_demand":1611.0,"6_lost_demand":3932.185723762,"7_fulfilled_demand":1611.0,"7_lost_demand":5242.9142983493,"8_fulfilled_demand":1611.0,"8_lost_demand":6553.6428729366,"9_fulfilled_demand":1611.0,"9_lost_demand":7864.3714475239,"10_fulfilled_demand":1611.0,"10_lost_demand":9175.1000221112,"11_fulfilled_demand":2148.0,"11_lost_demand":9175.1000221112,"12_fulfilled_demand":2685.0,"12_lost_demand":9175.1000221112,"13_fulfilled_demand":3222.0,"13_lost_demand":9175.1000221112,"14_fulfilled_demand":3759.0,"14_lost_demand":9175.1000221112,"15_fulfilled_demand":4296.0,"15_lost_demand":9175.1000221112},"Agent 3":{"1_fulfilled_demand":810.0,"1_lost_demand":0.0,"2_fulfilled_demand":1620.0,"2_lost_demand":0.0,"3_fulfilled_demand":2430.0,"3_lost_demand":0.0,"4_fulfilled_demand":2430.0,"4_lost_demand":1840.6939788854,"5_fulfilled_demand":2430.0,"5_lost_demand":3681.3879577708,"6_fulfilled_demand":2430.0,"6_lost_demand":5522.0819366563,"7_fulfilled_demand":2430.0,"7_lost_demand":7362.7759155417,"8_fulfilled_demand":2430.0,"8_lost_demand":9203.4698944271,"9_fulfilled_demand":2430.0,"9_lost_demand":11044.1638733125,"10_fulfilled_demand":2430.0,"10_lost_demand":12884.857852198,"11_fulfilled_demand":3240.0,"11_lost_demand":12884.857852198,"12_fulfilled_demand":4050.0,"12_lost_demand":12884.857852198,"13_fulfilled_demand":4860.0,"13_lost_demand":12884.857852198,"14_fulfilled_demand":5670.0,"14_lost_demand":12884.857852198,"15_fulfilled_demand":6480.0,"15_lost_demand":12884.857852198},"Agent 4":{"1_fulfilled_demand":788.0,"1_lost_demand":0.0,"2_fulfilled_demand":1576.0,"2_lost_demand":0.0,"3_fulfilled_demand":2364.0,"3_lost_demand":0.0,"4_fulfilled_demand":2364.0,"4_lost_demand":9466.8131763874,"5_fulfilled_demand":2364.0,"5_lost_demand":18933.6263527748,"6_fulfilled_demand":2364.0,"6_lost_demand":28400.4395291622,"7_fulfilled_demand":2364.0,"7_lost_demand":37867.2527055496,"8_fulfilled_demand":2364.0,"8_lost_demand":47334.065881937,"9_fulfilled_demand":2364.0,"9_lost_demand":56800.8790583244,"10_fulfilled_demand":2364.0,"10_lost_demand":66045.7071812761,"11_fulfilled_demand":3152.0,"11_lost_demand":66045.7071812761,"12_fulfilled_demand":3940.0,"12_lost_demand":66045.7071812761,"13_fulfilled_demand":4728.0,"13_lost_demand":66045.7071812761,"14_fulfilled_demand":5516.0,"14_lost_demand":66045.7071812761,"15_fulfilled_demand":6304.0,"15_lost_demand":66045.7071812761},"Agent 5":{"1_fulfilled_demand":736.0,"1_lost_demand":0.0,"2_fulfilled_demand":1472.0,"2_lost_demand":0.0,"3_fulfilled_demand":2208.0,"3_lost_demand":0.0,"4_fulfilled_demand":2208.0,"4_lost_demand":1962.6866698066,"5_fulfilled_demand":2208.0,"5_lost_demand":3925.3733396132,"6_fulfilled_demand":2208.0,"6_lost_demand":5888.0600094198,"7_fulfilled_demand":2208.0,"7_lost_demand":7850.7466792263,"8_fulfilled_demand":2208.0,"8_lost_demand":9813.4333490329,"9_fulfilled_demand":2208.0,"9_lost_demand":11776.1200188395,"10_fulfilled_demand":2208.0,"10_lost_demand":13738.8066886461,"11_fulfilled_demand":2944.0,"11_lost_demand":13738.8066886461,"12_fulfilled_demand":3680.0,"12_lost_demand":13738.8066886461,"13_fulfilled_demand":4416.0,"13_lost_demand":13738.8066886461,"14_fulfilled_demand":5152.0,"14_lost_demand":13738.8066886461,"15_fulfilled_demand":5888.0,"15_lost_demand":13738.8066886461},"Agent 6":{"1_fulfilled_demand":481.0,"1_lost_demand":0.0,"2_fulfilled_demand":962.0,"2_lost_demand":0.0,"3_fulfilled_demand":1443.0,"3_lost_demand":0.0,"4_fulfilled_demand":1443.0,"4_lost_demand":6878.2948680403,"5_fulfilled_demand":1443.0,"5_lost_demand":13756.5897360806,"6_fulfilled_demand":1443.0,"6_lost_demand":20634.8846041209,"7_fulfilled_demand":1443.0,"7_lost_demand":27513.1794721612,"8_fulfilled_demand":1443.0,"8_lost_demand":34391.4743402015,"9_fulfilled_demand":1443.0,"9_lost_demand":41269.7692082418,"10_fulfilled_demand":1443.0,"10_lost_demand":48012.5630474717,"11_fulfilled_demand":1924.0,"11_lost_demand":48012.5630474717,"12_fulfilled_demand":2405.0,"12_lost_demand":48012.5630474717,"13_fulfilled_demand":2886.0,"13_lost_demand":48012.5630474717,"14_fulfilled_demand":3367.0,"14_lost_demand":48012.5630474717,"15_fulfilled_demand":3848.0,"15_lost_demand":48012.5630474717},"Agent 7":{"1_fulfilled_demand":991.0,"1_lost_demand":0.0,"2_fulfilled_demand":1982.0,"2_lost_demand":0.0,"3_fulfilled_demand":2973.0,"3_lost_demand":0.0,"4_fulfilled_demand":2973.0,"4_lost_demand":16106.9434382746,"5_fulfilled_demand":2973.0,"5_lost_demand":32213.8868765493,"6_fulfilled_demand":2973.0,"6_lost_demand":48320.8303148239,"7_fulfilled_demand":2973.0,"7_lost_demand":64427.7737530986,"8_fulfilled_demand":2973.0,"8_lost_demand":80534.7171913732,"9_fulfilled_demand":2973.0,"9_lost_demand":96641.6606296479,"10_fulfilled_demand":2973.0,"10_lost_demand":112439.5212712129,"11_fulfilled_demand":3964.0,"11_lost_demand":112439.5212712129,"12_fulfilled_demand":4955.0,"12_lost_demand":112439.5212712129,"13_fulfilled_demand":5946.0,"13_lost_demand":112439.5212712129,"14_fulfilled_demand":6937.0,"14_lost_demand":112439.5212712129,"15_fulfilled_demand":7928.0,"15_lost_demand":112439.5212712129},"Agent 8":{"1_fulfilled_demand":607.0,"1_lost_demand":0.0,"2_fulfilled_demand":1214.0,"2_lost_demand":0.0,"3_fulfilled_demand":1821.0,"3_lost_demand":0.0,"4_fulfilled_demand":1821.0,"4_lost_demand":1862.2337449262,"5_fulfilled_demand":1821.0,"5_lost_demand":3724.4674898525,"6_fulfilled_demand":1821.0,"6_lost_demand":5586.7012347787,"7_fulfilled_demand":1821.0,"7_lost_demand":7448.9349797049,"8_fulfilled_demand":1821.0,"8_lost_demand":9311.1687246312,"9_fulfilled_demand":1821.0,"9_lost_demand":11173.4024695574,"10_fulfilled_demand":1821.0,"10_lost_demand":13035.6362144836,"11_fulfilled_demand":2428.0,"11_lost_demand":13035.6362144836,"12_fulfilled_demand":3035.0,"12_lost_demand":13035.6362144836,"13_fulfilled_demand":3642.0,"13_lost_demand":13035.6362144836,"14_fulfilled_demand":4249.0,"14_lost_demand":13035.6362144836,