{"Agent 0":{"1_fulfilled_demand":0.0,"1_lost_demand":8310.3934545566,"2_fulfilled_demand":0.0,"2_lost_demand":16620.7869091132,"3_fulfilled_demand":0.0,"3_lost_demand":24931.1803636697,"4_fulfilled_demand":0.0,"4_lost_demand":33241.5738182263,"5_fulfilled_demand":0.0,"5_lost_demand":41551.9672727829,"6_fulfilled_demand":971.0,"6_lost_demand":41551.9672727829,"7_fulfilled_demand":1942.0,"7_lost_demand":41551.9672727829,"8_fulfilled_demand":2913.0,"8_lost_demand":41551.9672727829,"9_fulfilled_demand":3884.0,"9_lost_demand":41551.9672727829,"10_fulfilled_demand":4855.0,"10_lost_demand":41551.9672727829,"11_fulfilled_demand":5826.0,"11_lost_demand":41551.9672727829,"12_fulfilled_demand":6797.0,"12_lost_demand":41551.9672727829,"13_fulfilled_demand":7768.0,"13_lost_demand":41551.9672727829,"14_fulfilled_demand":8739.0,"14_lost_demand":41551.9672727829,"15_fulfilled_demand":9710.0,"15_lost_demand":41551.9672727829},"Agent 1":{"1_fulfilled_demand":0.0,"1_lost_demand":2895.0238474146,"2_fulfilled_demand":0.0,"2_lost_demand":5790.0476948292,"3_fulfilled_demand":0.0,"3_lost_demand":8685.0715422439,"4_fulfilled_demand":0.0,"4_lost_demand":11580.0953896585,"5_fulfilled_demand":0.0,"5_lost_demand":14475.1192370731,"6_fulfilled_demand":845.0,"6_lost_demand":14475.1192370731,"7_fulfilled_demand":1690.0,"7_lost_demand":14475.1192370731,"8_fulfilled_demand":2535.0,"8_lost_demand":14475.1192370731,"9_fulfilled_demand":3380.0,"9_lost_demand":14475.1192370731,"10_fulfilled_demand":4225.0,"10_lost_demand":14475.1192370731,"11_fulfilled_demand":5070.0,"11_lost_demand":14475.1192370731,"12_fulfilled_demand":5915.0,"12_lost_demand":14475.1192370731,"13_fulfilled_demand":6760.0,"13_lost_demand":14475.1192370731,"14_fulfilled_demand":7605.0,"14_lost_demand":14475.1192370731,"15_fulfilled_demand":8450.0,"15_lost_demand":14475.1192370731},"Agent 2":{"1_fulfilled_demand":0.0,"1_lost_demand":495.4895728887,"2_fulfilled_demand":0.0,"2_lost_demand":990.9791457774,"3_fulfilled_demand":0.0,"3_lost_demand":1486.4687186661,"4_fulfilled_demand":0.0,"4_lost_demand":1981.9582915548,"5_fulfilled_demand":0.0,"5_lost_demand":2477.4478644434,"6_fulfilled_demand":551.0,"6_lost_demand":2477.4478644434,"7_fulfilled_demand":1102.0,"7_lost_demand":2477.4478644434,"8_fulfilled_demand":1653.0,"8_lost_demand":2477.4478644434,"9_fulfilled_demand":2204.0,"9_lost_demand":2477.4478644434,"10_fulfilled_demand":2755.0,"10_lost_demand":2477.4478644434,"11_fulfilled_demand":3306.0,"11_lost_demand":2477.4478644434,"12_fulfilled_demand":3857.0,"12_lost_demand":2477.4478644434,"13_fulfilled_demand":4408.0,"13_lost_demand":2477.4478644434,"14_fulfilled_demand":4959.0,"14_lost_demand":2477.4478644434,"15_fulfilled_demand":5510.0,"15_lost_demand":2477.4478644434},"Agent 3":{"1_fulfilled_demand":0.0,"1_lost_demand":1866.4485448451,"2_fulfilled_demand":0.0,"2_lost_demand":3732.8970896903,"3_fulfilled_demand":0.0,"3_lost_demand":5599.3456345354,"4_fulfilled_demand":0.0,"4_lost_demand":7465.7941793805,"5_fulfilled_demand":0.0,"5_lost_demand":9332.2427242257,"6_fulfilled_demand":704.0,"6_lost_demand":9332.2427242257,"7_fulfilled_demand":1408.0,"7_lost_demand":9332.2427242257,"8_fulfilled_demand":2112.0,"8_lost_demand":9332.2427242257,"9_fulfilled_demand":2816.0,"9_lost_demand":9332.2427242257,"10_fulfilled_demand":3520.0,"10_lost_demand":9332.2427242257,"11_fulfilled_demand":4224.0,"11_lost_demand":9332.2427242257,"12_fulfilled_demand":4928.0,"12_lost_demand":9332.2427242257,"13_fulfilled_demand":5632.0,"13_lost_demand":9332.2427242257,"14_fulfilled_demand":6336.0,"14_lost_demand":9332.2427242257,"15_fulfilled_demand":7040.0,"15_lost_demand":9332.2427242257},"Agent 4":{"1_fulfilled_demand":0.0,"1_lost_demand":2816.7888190257,"2_fulfilled_demand":0.0,"2_lost_demand":5633.5776380514,"3_fulfilled_demand":0.0,"3_lost_demand":8450.3664570771,"4_fulfilled_demand":0.0,"4_lost_demand":11267.1552761029,"5_fulfilled_demand":0.0,"5_lost_demand":14017.8938832084,"6_fulfilled_demand":505.0,"6_lost_demand":14017.8938832084,"7_fulfilled_demand":1010.0,"7_lost_demand":14017.8938832084,"8_fulfilled_demand":1515.0,"8_lost_demand":14017.8938832084,"9_fulfilled_demand":2020.0,"9_lost_demand":14017.8938832084,"10_fulfilled_demand":2525.0,"10_lost_demand":14017.8938832084,"11_fulfilled_demand":3030.0,"11_lost_demand":14017.8938832084,"12_fulfilled_demand":3535.0,"12_lost_demand":14017.8938832084,"13_fulfilled_demand":4040.0,"13_lost_demand":14017.8938832084,"14_fulfilled_demand":4545.0,"14_lost_demand":14017.8938832084,"15_fulfilled_demand":5050.0,"15_lost_demand":14017.8938832084},"Agent 5":{"1_fulfilled_demand":0.0,"1_lost_demand":3223.8423802869,"2_fulfilled_demand":0.0,"2_lost_demand":6447.6847605738,"3_fulfilled_demand":0.0,"3_lost_demand":9671.5271408608,"4_fulfilled_demand":0.0,"4_lost_demand":12895.3695211477,"5_fulfilled_demand":0.0,"5_lost_demand":16119.2119014346,"6_fulfilled_demand":677.0,"6_lost_demand":16119.2119014346,"7_fulfilled_demand":1354.0,"7_lost_demand":16119.2119014346,"8_fulfilled_demand":2031.0,"8_lost_demand":16119.2119014346,"9_fulfilled_demand":2708.0,"9_lost_demand":16119.2119014346,"10_fulfilled_demand":3385.0,"10_lost_demand":16119.2119014346,"11_fulfilled_demand":4062.0,"11_lost_demand":16119.2119014346,"12_fulfilled_demand":4739.0,"12_lost_demand":16119.2119014346,"13_fulfilled_demand":5416.0,"13_lost_demand":16119.2119014346,"14_fulfilled_demand":6093.0,"14_lost_demand":16119.2119014346,"15_fulfilled_demand":6770.0,"15_lost_demand":16119.2119014346},"Agent 6":{"1_fulfilled_demand":0.0,"1_lost_demand":3145.9976527419,"2_fulfilled_demand":0.0,"2_lost_demand":6291.9953054839,"3_fulfilled_demand":0.0,"3_lost_demand":9437.9929582258,"4_fulfilled_demand":0.0,"4_lost_demand":12583.9906109677,"5_fulfilled_demand":0.0,"5_lost_demand":15668.0127411768,"6_fulfilled_demand":560.0,"6_lost_demand":15668.0127411768,"7_fulfilled_demand":1120.0,"7_lost_demand":15668.0127411768,"8_fulfilled_demand":1680.0,"8_lost_demand":15668.0127411768,"9_fulfilled_demand":2240.0,"9_lost_demand":15668.0127411768,"10_fulfilled_demand":2800.0,"10_lost_demand":15668.0127411768,"11_fulfilled_demand":3360.0,"11_lost_demand":15668.0127411768,"12_fulfilled_demand":3920.0,"12_lost_demand":15668.0127411768,"13_fulfilled_demand":4480.0,"13_lost_demand":15668.0127411768,"14_fulfilled_demand":5040.0,"14_lost_demand":15668.0127411768,"15_fulfilled_demand":5600.0,"15_lost_demand":15668.0127411768},"Agent 7":{"1_fulfilled_demand":0.0,"1_lost_demand":11753.1770142835,"2_fulfilled_demand":0.0,"2_lost_demand":23506.354028567,"3_fulfilled_demand":0.0,"3_lost_demand":35259.5310428504,"4_fulfilled_demand":0.0,"4_lost_demand":47012.7080571339,"5_fulfilled_demand":0.0,"5_lost_demand":58540.3484985897,"6_fulfilled_demand":773.0,"6_lost_demand":58540.3484985897,"7_fulfilled_demand":1546.0,"7_lost_demand":58540.3484985897,"8_fulfilled_demand":2319.0,"8_lost_demand":58540.3484985897,"9_fulfilled_demand":3092.0,"9_lost_demand":58540.3484985897,"10_fulfilled_demand":3865.0,"10_lost_demand":58540.3484985897,"11_fulfilled_demand":4638.0,"11_lost_demand":58540.3484985897,"12_fulfilled_demand":5411.0,"12_lost_demand":58540.3484985897,"13_fulfilled_demand":6184.0,"13_lost_demand":58540.3484985897,"14_fulfilled_demand":6957.0,"14_lost_demand":58540.3484985897,"15_fulfilled_demand":7730.0,"15_lost_demand":58540.3484985897},"Agent 8":{"1_fulfilled_demand":0.0,"1_lost_demand":283.1699747227,"2_fulfilled_demand":0.0,"2_lost_demand":566.3399494454,"3_fulfilled_demand":0.0,"3_lost_demand":849.5099241682,"4_fulfilled_demand":0.0,"4_lost_demand":1132.6798988909,"5_fulfilled_demand":0.0,"5_lost_demand":1415.8498736136,"6_fulfilled_demand":923.0,"6_lost_demand":1415.8498736136,"7_fulfilled_demand":1846.0,"7_lost_demand":1415.8498736136,"8_fulfilled_demand":2769.0,"8_lost_demand":1415.8498736136,"9_fulfilled_demand":3692.0,"9_lost_demand":1415.8498736136,"10_fulfilled_demand":4615.0,"10_lost_demand":1415.8498736136,"11_fulfilled_demand":5538.0,"11_lost_demand":1415.8498736136,