{"Agent 0":{"1_fulfilled_demand":795.0,"1_lost_demand":0.0,"2_fulfilled_demand":1590.0,"2_lost_demand":0.0,"3_fulfilled_demand":2385.0,"3_lost_demand":0.0,"4_fulfilled_demand":2385.0,"4_lost_demand":7533.0898443264,"5_fulfilled_demand":2385.0,"5_lost_demand":15066.1796886528,"6_fulfilled_demand":2385.0,"6_lost_demand":22599.2695329793,"7_fulfilled_demand":2385.0,"7_lost_demand":30132.3593773057,"8_fulfilled_demand":2385.0,"8_lost_demand":37665.4492216321,"9_fulfilled_demand":3180.0,"9_lost_demand":37665.4492216321,"10_fulfilled_demand":3975.0,"10_lost_demand":37665.4492216321,"11_fulfilled_demand":4770.0,"11_lost_demand":37665.4492216321,"12_fulfilled_demand":5565.0,"12_lost_demand":37665.4492216321,"13_fulfilled_demand":6360.0,"13_lost_demand":37665.4492216321,"14_fulfilled_demand":7155.0,"14_lost_demand":37665.4492216321,"15_fulfilled_demand":7950.0,"15_lost_demand":37665.4492216321},"Agent 1":{"1_fulfilled_demand":762.0,"1_lost_demand":0.0,"2_fulfilled_demand":1524.0,"2_lost_demand":0.0,"3_fulfilled_demand":2286.0,"3_lost_demand":0.0,"4_fulfilled_demand":2286.0,"4_lost_demand":745.9030166458,"5_fulfilled_demand":2286.0,"5_lost_demand":1491.8060332916,"6_fulfilled_demand":2286.0,"6_lost_demand":2237.7090499374,"7_fulfilled_demand":2286.0,"7_lost_demand":2983.6120665832,"8_fulfilled_demand":2286.0,"8_lost_demand":3729.515083229,"9_fulfilled_demand":3048.0,"9_lost_demand":3729.515083229,"10_fulfilled_demand":3810.0,"10_lost_demand":3729.515083229,"11_fulfilled_demand":4572.0,"11_lost_demand":3729.515083229,"12_fulfilled_demand":5334.0,"12_lost_demand":3729.515083229,"13_fulfilled_demand":6096.0,"13_lost_demand":3729.515083229,"14_fulfilled_demand":6858.0,"14_lost_demand":3729.515083229,"15_fulfilled_demand":7620.0,"15_lost_demand":3729.515083229},"Agent 2":{"1_fulfilled_demand":872.0,"1_lost_demand":0.0,"2_fulfilled_demand":1744.0,"2_lost_demand":0.0,"3_fulfilled_demand":2616.0,"3_lost_demand":0.0,"4_fulfilled_demand":2616.0,"4_lost_demand":1232.2364488328,"5_fulfilled_demand":2616.0,"5_lost_demand":2464.4728976657,"6_fulfilled_demand":2616.0,"6_lost_demand":3696.7093464985,"7_fulfilled_demand":2616.0,"7_lost_demand":4928.9457953314,"8_fulfilled_demand":2616.0,"8_lost_demand":6161.1822441642,"9_fulfilled_demand":3488.0,"9_lost_demand":6161.1822441642,"10_fulfilled_demand":4360.0,"10_lost_demand":6161.1822441642,"11_fulfilled_demand":5232.0,"11_lost_demand":6161.1822441642,"12_fulfilled_demand":6104.0,"12_lost_demand":6161.1822441642,"13_fulfilled_demand":6976.0,"13_lost_demand":6161.1822441642,"14_fulfilled_demand":7848.0,"14_lost_demand":6161.1822441642,"15_fulfilled_demand":8720.0,"15_lost_demand":6161.1822441642},"Agent 3":{"1_fulfilled_demand":847.0,"1_lost_demand":0.0,"2_fulfilled_demand":1694.0,"2_lost_demand":0.0,"3_fulfilled_demand":2541.0,"3_lost_demand":0.0,"4_fulfilled_demand":2541.0,"4_lost_demand":4811.9376546789,"5_fulfilled_demand":2541.0,"5_lost_demand":9623.8753093577,"6_fulfilled_demand":2541.0,"6_lost_demand":14435.8129640366,"7_fulfilled_demand":2541.0,"7_lost_demand":19247.7506187155,"8_fulfilled_demand":2541.0,"8_lost_demand":24059.6882733943,"9_fulfilled_demand":3388.0,"9_lost_demand":24059.6882733943,"10_fulfilled_demand":4235.0,"10_lost_demand":24059.6882733943,"11_fulfilled_demand":5082.0,"11_lost_demand":24059.6882733943,"12_fulfilled_demand":5929.0,"12_lost_demand":24059.6882733943,"13_fulfilled_demand":6776.0,"13_lost_demand":24059.6882733943,"14_fulfilled_demand":7623.0,"14_lost_demand":24059.6882733943,"15_fulfilled_demand":8470.0,"15_lost_demand":24059.6882733943},"Agent 4":{"1_fulfilled_demand":468.0,"1_lost_demand":0.0,"2_fulfilled_demand":936.0,"2_lost_demand":0.0,"3_fulfilled_demand":1404.0,"3_lost_demand":0.0,"4_fulfilled_demand":1404.0,"4_lost_demand":7228.8283355591,"5_fulfilled_demand":1404.0,"5_lost_demand":14457.6566711181,"6_fulfilled_demand":1404.0,"6_lost_demand":21686.4850066772,"7_fulfilled_demand":1404.0,"7_lost_demand":28915.3133422362,"8_fulfilled_demand":1404.0,"8_lost_demand":35974.6345992834,"9_fulfilled_demand":1872.0,"9_lost_demand":35974.6345992834,"10_fulfilled_demand":2340.0,"10_lost_demand":35974.6345992834,"11_fulfilled_demand":2808.0,"11_lost_demand":35974.6345992834,"12_fulfilled_demand":3276.0,"12_lost_demand":35974.6345992834,"13_fulfilled_demand":3744.0,"13_lost_demand":35974.6345992834,"14_fulfilled_demand":4212.0,"14_lost_demand":35974.6345992834,"15_fulfilled_demand":4680.0,"15_lost_demand":35974.6345992834},"Agent 5":{"1_fulfilled_demand":694.0,"1_lost_demand":0.0,"2_fulfilled_demand":1388.0,"2_lost_demand":0.0,"3_fulfilled_demand":2082.0,"3_lost_demand":0.0,"4_fulfilled_demand":2082.0,"4_lost_demand":3701.3710566461,"5_fulfilled_demand":2082.0,"5_lost_demand":7402.7421132922,"6_fulfilled_demand":2082.0,"6_lost_demand":11104.1131699383,"7_fulfilled_demand":2082.0,"7_lost_demand":14805.4842265845,"8_fulfilled_demand":2082.0,"8_lost_demand":18506.8552832306,"9_fulfilled_demand":2776.0,"9_lost_demand":18506.8552832306,"10_fulfilled_demand":3470.0,"10_lost_demand":18506.8552832306,"11_fulfilled_demand":4164.0,"11_lost_demand":18506.8552832306,"12_fulfilled_demand":4858.0,"12_lost_demand":18506.8552832306,"13_fulfilled_demand":5552.0,"13_lost_demand":18506.8552832306,"14_fulfilled_demand":6246.0,"14_lost_demand":18506.8552832306,"15_fulfilled_demand":6940.0,"15_lost_demand":18506.8552832306},"Agent 6":{"1_fulfilled_demand":641.0,"1_lost_demand":0.0,"2_fulfilled_demand":1282.0,"2_lost_demand":0.0,"3_fulfilled_demand":1923.0,"3_lost_demand":0.0,"4_fulfilled_demand":1923.0,"4_lost_demand":4910.5141933626,"5_fulfilled_demand":1923.0,"5_lost_demand":9821.0283867252,"6_fulfilled_demand":1923.0,"6_lost_demand":14731.5425800878,"7_fulfilled_demand":1923.0,"7_lost_demand":19642.0567734504,"8_fulfilled_demand":1923.0,"8_lost_demand":24455.83482247,"9_fulfilled_demand":2564.0,"9_lost_demand":24455.83482247,"10_fulfilled_demand":3205.0,"10_lost_demand":24455.83482247,"11_fulfilled_demand":3846.0,"11_lost_demand":24455.83482247,"12_fulfilled_demand":4487.0,"12_lost_demand":24455.83482247,"13_fulfilled_demand":5128.0,"13_lost_demand":24455.83482247,"14_fulfilled_demand":5769.0,"14_lost_demand":24455.83482247,"15_fulfilled_demand":6410.0,"15_lost_demand":24455.83482247},"Agent 7":{"1_fulfilled_demand":904.0,"1_lost_demand":0.0,"2_fulfilled_demand":1808.0,"2_lost_demand":0.0,"3_fulfilled_demand":2712.0,"3_lost_demand":0.0,"4_fulfilled_demand":2712.0,"4_lost_demand":10901.1935799162,"5_fulfilled_demand":2712.0,"5_lost_demand":21802.3871598325,"6_fulfilled_demand":2712.0,"6_lost_demand":32703.5807397487,"7_fulfilled_demand":2712.0,"7_lost_demand":43604.7743196649,"8_fulfilled_demand":2712.0,"8_lost_demand":54296.7803891099,"9_fulfilled_demand":3616.0,"9_lost_demand":54296.7803891099,"10_fulfilled_demand":4520.0,"10_lost_demand":54296.7803891099,"11_fulfilled_demand":5424.0,"11_lost_demand":54296.7803891099,"12_fulfilled_demand":6328.0,"12_lost_demand":54296.7803891099,"13_fulfilled_demand":7232.0,"13_lost_demand":54296.7803891099,"14_fulfilled_demand":8136.0,"14_lost_demand":54296.7803891099,"15_fulfilled_demand":9040.0,"15_lost_demand":54296.7803891099},"Agent 8":{"1_fulfilled_demand":443.0,"1_lost_demand":0.0,"2_fulfilled_demand":886.0,"2_lost_demand":0.0,"3_fulfilled_demand":1329.0,"3_lost_demand":0.0,"4_fulfilled_demand":1329.0,"4_lost_demand":2038.6397421804,"5_fulfilled_demand":1329.0,"5_lost_demand":4077.2794843607,"6_fulfilled_demand":1329.0,"6_lost_demand":6115.9192265411,"7_fulfilled_demand":1329.0,"7_lost_demand":8154.5589687215,"8_fulfilled_demand":1329.0,"8_lost_demand":10193.1987109018,"9_fulfilled_demand":1772.0,"9_lost_demand":10193.1987109018,"10_fulfilled_demand":2215.0,"10_lost_demand":10193.1987109018,"11_fulfilled_demand":2658.0,"11_lost_demand":10193.1987109018,"12_fulfilled_demand":3101.0,"12_lost_demand":10193.1987109018,"13_fulfilled_demand":3544.0,"13_lost_demand":10193.1987109018,"14_fulfilled_demand":3987.0,"14_lost_demand":10193.1987109018,"15_fulfilled_demand":4430.0,