{"Agent 0":{"1_fulfilled_demand":890.0,"1_lost_demand":0.0,"2_fulfilled_demand":1780.0,"2_lost_demand":0.0,"3_fulfilled_demand":2670.0,"3_lost_demand":0.0,"4_fulfilled_demand":2670.0,"4_lost_demand":1904.2868626559,"5_fulfilled_demand":2670.0,"5_lost_demand":3808.5737253117,"6_fulfilled_demand":2670.0,"6_lost_demand":5712.8605879676,"7_fulfilled_demand":2670.0,"7_lost_demand":7617.1474506234,"8_fulfilled_demand":2670.0,"8_lost_demand":9521.4343132793,"9_fulfilled_demand":2670.0,"9_lost_demand":11425.7211759351,"10_fulfilled_demand":2670.0,"10_lost_demand":13330.008038591,"11_fulfilled_demand":3560.0,"11_lost_demand":13330.008038591,"12_fulfilled_demand":4450.0,"12_lost_demand":13330.008038591,"13_fulfilled_demand":5340.0,"13_lost_demand":13330.008038591,"14_fulfilled_demand":6230.0,"14_lost_demand":13330.008038591,"15_fulfilled_demand":7120.0,"15_lost_demand":13330.008038591},"Agent 1":{"1_fulfilled_demand":820.0,"1_lost_demand":0.0,"2_fulfilled_demand":1640.0,"2_lost_demand":0.0,"3_fulfilled_demand":2460.0,"3_lost_demand":0.0,"4_fulfilled_demand":2460.0,"4_lost_demand":6421.4222955334,"5_fulfilled_demand":2460.0,"5_lost_demand":12842.8445910667,"6_fulfilled_demand":2460.0,"6_lost_demand":19264.2668866001,"7_fulfilled_demand":2460.0,"7_lost_demand":25685.6891821334,"8_fulfilled_demand":2460.0,"8_lost_demand":32107.1114776668,"9_fulfilled_demand":2460.0,"9_lost_demand":38528.5337732002,"10_fulfilled_demand":2460.0,"10_lost_demand":44949.9560687335,"11_fulfilled_demand":3280.0,"11_lost_demand":44949.9560687335,"12_fulfilled_demand":4100.0,"12_lost_demand":44949.9560687335,"13_fulfilled_demand":4920.0,"13_lost_demand":44949.9560687335,"14_fulfilled_demand":5740.0,"14_lost_demand":44949.9560687335,"15_fulfilled_demand":6560.0,"15_lost_demand":44949.9560687335},"Agent 2":{"1_fulfilled_demand":779.0,"1_lost_demand":0.0,"2_fulfilled_demand":1558.0,"2_lost_demand":0.0,"3_fulfilled_demand":2337.0,"3_lost_demand":0.0,"4_fulfilled_demand":2337.0,"4_lost_demand":2802.0789639222,"5_fulfilled_demand":2337.0,"5_lost_demand":5604.1579278445,"6_fulfilled_demand":2337.0,"6_lost_demand":8406.2368917667,"7_fulfilled_demand":2337.0,"7_lost_demand":11208.3158556889,"8_fulfilled_demand":2337.0,"8_lost_demand":14010.3948196112,"9_fulfilled_demand":2337.0,"9_lost_demand":16812.4737835334,"10_fulfilled_demand":2337.0,"10_lost_demand":19614.5527474556,"11_fulfilled_demand":3116.0,"11_lost_demand":19614.5527474556,"12_fulfilled_demand":3895.0,"12_lost_demand":19614.5527474556,"13_fulfilled_demand":4674.0,"13_lost_demand":19614.5527474556,"14_fulfilled_demand":5453.0,"14_lost_demand":19614.5527474556,"15_fulfilled_demand":6232.0,"15_lost_demand":19614.5527474556},"Agent 3":{"1_fulfilled_demand":971.0,"1_lost_demand":0.0,"2_fulfilled_demand":1942.0,"2_lost_demand":0.0,"3_fulfilled_demand":2913.0,"3_lost_demand":0.0,"4_fulfilled_demand":2913.0,"4_lost_demand":1287.1601825601,"5_fulfilled_demand":2913.0,"5_lost_demand":2574.3203651202,"6_fulfilled_demand":2913.0,"6_lost_demand":3861.4805476803,"7_fulfilled_demand":2913.0,"7_lost_demand":5148.6407302404,"8_fulfilled_demand":2913.0,"8_lost_demand":6435.8009128005,"9_fulfilled_demand":2913.0,"9_lost_demand":7722.9610953606,"10_fulfilled_demand":2913.0,"10_lost_demand":9010.1212779207,"11_fulfilled_demand":3884.0,"11_lost_demand":9010.1212779207,"12_fulfilled_demand":4855.0,"12_lost_demand":9010.1212779207,"13_fulfilled_demand":5826.0,"13_lost_demand":9010.1212779207,"14_fulfilled_demand":6797.0,"14_lost_demand":9010.1212779207,"15_fulfilled_demand":7768.0,"15_lost_demand":9010.1212779207},"Agent 4":{"1_fulfilled_demand":611.0,"1_lost_demand":0.0,"2_fulfilled_demand":1222.0,"2_lost_demand":0.0,"3_fulfilled_demand":1833.0,"3_lost_demand":0.0,"4_fulfilled_demand":1833.0,"4_lost_demand":3408.035581039,"5_fulfilled_demand":1833.0,"5_lost_demand":6816.0711620781,"6_fulfilled_demand":1833.0,"6_lost_demand":10224.1067431171,"7_fulfilled_demand":1833.0,"7_lost_demand":13632.1423241561,"8_fulfilled_demand":1833.0,"8_lost_demand":17040.1779051952,"9_fulfilled_demand":1833.0,"9_lost_demand":20448.2134862342,"10_fulfilled_demand":1833.0,"10_lost_demand":23776.3348504748,"11_fulfilled_demand":2444.0,"11_lost_demand":23776.3348504748,"12_fulfilled_demand":3055.0,"12_lost_demand":23776.3348504748,"13_fulfilled_demand":3666.0,"13_lost_demand":23776.3348504748,"14_fulfilled_demand":4277.0,"14_lost_demand":23776.3348504748,"15_fulfilled_demand":4888.0,"15_lost_demand":23776.3348504748},"Agent 5":{"1_fulfilled_demand":765.0,"1_lost_demand":0.0,"2_fulfilled_demand":1530.0,"2_lost_demand":0.0,"3_fulfilled_demand":2295.0,"3_lost_demand":0.0,"4_fulfilled_demand":2295.0,"4_lost_demand":2768.5996453454,"5_fulfilled_demand":2295.0,"5_lost_demand":5537.1992906907,"6_fulfilled_demand":2295.0,"6_lost_demand":8305.7989360361,"7_fulfilled_demand":2295.0,"7_lost_demand":11074.3985813815,"8_fulfilled_demand":2295.0,"8_lost_demand":13842.9982267269,"9_fulfilled_demand":2295.0,"9_lost_demand":16611.5978720722,"10_fulfilled_demand":2295.0,"10_lost_demand":19380.1975174176,"11_fulfilled_demand":3060.0,"11_lost_demand":19380.1975174176,"12_fulfilled_demand":3825.0,"12_lost_demand":19380.1975174176,"13_fulfilled_demand":4590.0,"13_lost_demand":19380.1975174176,"14_fulfilled_demand":5355.0,"14_lost_demand":19380.1975174176,"15_fulfilled_demand":6120.0,"15_lost_demand":19380.1975174176},"Agent 6":{"1_fulfilled_demand":706.0,"1_lost_demand":0.0,"2_fulfilled_demand":1412.0,"2_lost_demand":0.0,"3_fulfilled_demand":2118.0,"3_lost_demand":0.0,"4_fulfilled_demand":2118.0,"4_lost_demand":5769.024267106,"5_fulfilled_demand":2118.0,"5_lost_demand":11538.0485342119,"6_fulfilled_demand":2118.0,"6_lost_demand":17307.0728013179,"7_fulfilled_demand":2118.0,"7_lost_demand":23076.0970684239,"8_fulfilled_demand":2118.0,"8_lost_demand":28845.1213355299,"9_fulfilled_demand":2118.0,"9_lost_demand":34614.1456026358,"10_fulfilled_demand":2118.0,"10_lost_demand":40269.5212492011,"11_fulfilled_demand":2824.0,"11_lost_demand":40269.5212492011,"12_fulfilled_demand":3530.0,"12_lost_demand":40269.5212492011,"13_fulfilled_demand":4236.0,"13_lost_demand":40269.5212492011,"14_fulfilled_demand":4942.0,"14_lost_demand":40269.5212492011,"15_fulfilled_demand":5648.0,"15_lost_demand":40269.5212492011},"Agent 7":{"1_fulfilled_demand":995.0,"1_lost_demand":0.0,"2_fulfilled_demand":1990.0,"2_lost_demand":0.0,"3_fulfilled_demand":2985.0,"3_lost_demand":0.0,"4_fulfilled_demand":2985.0,"4_lost_demand":11998.5482433812,"5_fulfilled_demand":2985.0,"5_lost_demand":23997.0964867625,"6_fulfilled_demand":2985.0,"6_lost_demand":35995.6447301437,"7_fulfilled_demand":2985.0,"7_lost_demand":47994.192973525,"8_fulfilled_demand":2985.0,"8_lost_demand":59992.7412169062,"9_fulfilled_demand":2985.0,"9_lost_demand":71991.2894602875,"10_fulfilled_demand":2985.0,"10_lost_demand":83759.5926008824,"11_fulfilled_demand":3980.0,"11_lost_demand":83759.5926008824,"12_fulfilled_demand":4975.0,"12_lost_demand":83759.5926008824,"13_fulfilled_demand":5970.0,"13_lost_demand":83759.5926008824,"14_fulfilled_demand":6965.0,"14_lost_demand":83759.5926008824,"15_fulfilled_demand":7960.0,"15_lost_demand":83759.5926008824},"Agent 8":{"1_fulfilled_demand":952.0,"1_lost_demand":0.0,"2_fulfilled_demand":1904.0,"2_lost_demand":0.0,"3_fulfilled_demand":2856.0,"3_lost_demand":0.0,"4_fulfilled_demand":2856.0,"4_lost_demand":9054.0761581982,"5_fulfilled_demand":2856.0,"5_lost_demand":18108.1523163964,"6_fulfilled_demand":2856.0,"6_lost_demand":27162.2284745946,"7_fulfilled_demand":2856.0,"7_lost_demand":36216.3046327928,"8_fulfilled_demand":2856.0,"8_lost_demand":45270.380790991,"9_fulfilled_demand":2856.0,"9_lost_demand":54324.4569491892,"10_fulfilled_demand":2856.0,"10_lost_demand":63378.5331073874,"11_fulfilled_demand":3808.0,"11_lost_demand":63378.5331073874,"12_fulfilled_demand":4760.0,"12_lost_demand":63378.5331073874,"13_fulfilled_demand":5712.0,"13_lost_demand":63378.5331073874,"14_fulfilled_demand":6664.0,"14_lost_demand":63378.5331073874,