{"Agent 0":{"1_fulfilled_demand":711.0,"1_lost_demand":0.0,"2_fulfilled_demand":1422.0,"2_lost_demand":0.0,"3_fulfilled_demand":2133.0,"3_lost_demand":0.0,"4_fulfilled_demand":2133.0,"4_lost_demand":3477.2339244901,"5_fulfilled_demand":2133.0,"5_lost_demand":6954.4678489801,"6_fulfilled_demand":2133.0,"6_lost_demand":10431.7017734702,"7_fulfilled_demand":2133.0,"7_lost_demand":13908.9356979602,"8_fulfilled_demand":2133.0,"8_lost_demand":17386.1696224503,"9_fulfilled_demand":2133.0,"9_lost_demand":20863.4035469403,"10_fulfilled_demand":2133.0,"10_lost_demand":24340.6374714304,"11_fulfilled_demand":2844.0,"11_lost_demand":24340.6374714304,"12_fulfilled_demand":3555.0,"12_lost_demand":24340.6374714304,"13_fulfilled_demand":4266.0,"13_lost_demand":24340.6374714304,"14_fulfilled_demand":4977.0,"14_lost_demand":24340.6374714304,"15_fulfilled_demand":5688.0,"15_lost_demand":24340.6374714304},"Agent 1":{"1_fulfilled_demand":694.0,"1_lost_demand":0.0,"2_fulfilled_demand":1388.0,"2_lost_demand":0.0,"3_fulfilled_demand":2082.0,"3_lost_demand":0.0,"4_fulfilled_demand":2082.0,"4_lost_demand":12567.7806177367,"5_fulfilled_demand":2082.0,"5_lost_demand":25135.5612354734,"6_fulfilled_demand":2082.0,"6_lost_demand":37703.3418532101,"7_fulfilled_demand":2082.0,"7_lost_demand":50271.1224709468,"8_fulfilled_demand":2082.0,"8_lost_demand":62838.9030886836,"9_fulfilled_demand":2082.0,"9_lost_demand":75406.6837064203,"10_fulfilled_demand":2082.0,"10_lost_demand":87974.464324157,"11_fulfilled_demand":2776.0,"11_lost_demand":87974.464324157,"12_fulfilled_demand":3470.0,"12_lost_demand":87974.464324157,"13_fulfilled_demand":4164.0,"13_lost_demand":87974.464324157,"14_fulfilled_demand":4858.0,"14_lost_demand":87974.464324157,"15_fulfilled_demand":5552.0,"15_lost_demand":87974.464324157},"Agent 2":{"1_fulfilled_demand":522.0,"1_lost_demand":0.0,"2_fulfilled_demand":1044.0,"2_lost_demand":0.0,"3_fulfilled_demand":1566.0,"3_lost_demand":0.0,"4_fulfilled_demand":1566.0,"4_lost_demand":1743.5272188865,"5_fulfilled_demand":1566.0,"5_lost_demand":3487.054437773,"6_fulfilled_demand":1566.0,"6_lost_demand":5230.5816566595,"7_fulfilled_demand":1566.0,"7_lost_demand":6974.108875546,"8_fulfilled_demand":1566.0,"8_lost_demand":8717.6360944325,"9_fulfilled_demand":1566.0,"9_lost_demand":10461.1633133191,"10_fulfilled_demand":1566.0,"10_lost_demand":12204.6905322056,"11_fulfilled_demand":2088.0,"11_lost_demand":12204.6905322056,"12_fulfilled_demand":2610.0,"12_lost_demand":12204.6905322056,"13_fulfilled_demand":3132.0,"13_lost_demand":12204.6905322056,"14_fulfilled_demand":3654.0,"14_lost_demand":12204.6905322056,"15_fulfilled_demand":4176.0,"15_lost_demand":12204.6905322056},"Agent 3":{"1_fulfilled_demand":744.0,"1_lost_demand":0.0,"2_fulfilled_demand":1488.0,"2_lost_demand":0.0,"3_fulfilled_demand":2232.0,"3_lost_demand":0.0,"4_fulfilled_demand":2232.0,"4_lost_demand":2676.959885342,"5_fulfilled_demand":2232.0,"5_lost_demand":5353.919770684,"6_fulfilled_demand":2232.0,"6_lost_demand":8030.879656026,"7_fulfilled_demand":2232.0,"7_lost_demand":10707.839541368,"8_fulfilled_demand":2232.0,"8_lost_demand":13384.7994267101,"9_fulfilled_demand":2232.0,"9_lost_demand":16061.7593120521,"10_fulfilled_demand":2232.0,"10_lost_demand":18738.7191973941,"11_fulfilled_demand":2976.0,"11_lost_demand":18738.7191973941,"12_fulfilled_demand":3720.0,"12_lost_demand":18738.7191973941,"13_fulfilled_demand":4464.0,"13_lost_demand":18738.7191973941,"14_fulfilled_demand":5208.0,"14_lost_demand":18738.7191973941,"15_fulfilled_demand":5952.0,"15_lost_demand":18738.7191973941},"Agent 4":{"1_fulfilled_demand":788.0,"1_lost_demand":0.0,"2_fulfilled_demand":1576.0,"2_lost_demand":0.0,"3_fulfilled_demand":2364.0,"3_lost_demand":0.0,"4_fulfilled_demand":2364.0,"4_lost_demand":10895.3852726147,"5_fulfilled_demand":2364.0,"5_lost_demand":21790.7705452294,"6_fulfilled_demand":2364.0,"6_lost_demand":32686.1558178441,"7_fulfilled_demand":2364.0,"7_lost_demand":43581.5410904588,"8_fulfilled_demand":2364.0,"8_lost_demand":54476.9263630735,"9_fulfilled_demand":2364.0,"9_lost_demand":65372.3116356883,"10_fulfilled_demand":2364.0,"10_lost_demand":76268.0019234527,"11_fulfilled_demand":3152.0,"11_lost_demand":76268.0019234527,"12_fulfilled_demand":3940.0,"12_lost_demand":76268.0019234527,"13_fulfilled_demand":4728.0,"13_lost_demand":76268.0019234527,"14_fulfilled_demand":5516.0,"14_lost_demand":76268.0019234527,"15_fulfilled_demand":6304.0,"15_lost_demand":76268.0019234527},"Agent 5":{"1_fulfilled_demand":445.0,"1_lost_demand":0.0,"2_fulfilled_demand":890.0,"2_lost_demand":0.0,"3_fulfilled_demand":1335.0,"3_lost_demand":0.0,"4_fulfilled_demand":1335.0,"4_lost_demand":2458.1202905526,"5_fulfilled_demand":1335.0,"5_lost_demand":4916.2405811052,"6_fulfilled_demand":1335.0,"6_lost_demand":7374.3608716578,"7_fulfilled_demand":1335.0,"7_lost_demand":9832.4811622104,"8_fulfilled_demand":1335.0,"8_lost_demand":12290.601452763,"9_fulfilled_demand":1335.0,"9_lost_demand":14748.7217433156,"10_fulfilled_demand":1335.0,"10_lost_demand":17206.8420338682,"11_fulfilled_demand":1780.0,"11_lost_demand":17206.8420338682,"12_fulfilled_demand":2225.0,"12_lost_demand":17206.8420338682,"13_fulfilled_demand":2670.0,"13_lost_demand":17206.8420338682,"14_fulfilled_demand":3115.0,"14_lost_demand":17206.8420338682,"15_fulfilled_demand":3560.0,"15_lost_demand":17206.8420338682},"Agent 6":{"1_fulfilled_demand":884.0,"1_lost_demand":0.0,"2_fulfilled_demand":1768.0,"2_lost_demand":0.0,"3_fulfilled_demand":2652.0,"3_lost_demand":0.0,"4_fulfilled_demand":2652.0,"4_lost_demand":9293.9034905401,"5_fulfilled_demand":2652.0,"5_lost_demand":18587.8069810802,"6_fulfilled_demand":2652.0,"6_lost_demand":27881.7104716203,"7_fulfilled_demand":2652.0,"7_lost_demand":37175.6139621604,"8_fulfilled_demand":2652.0,"8_lost_demand":46469.5174527005,"9_fulfilled_demand":2652.0,"9_lost_demand":55763.4209432406,"10_fulfilled_demand":2652.0,"10_lost_demand":65057.542181098,"11_fulfilled_demand":3536.0,"11_lost_demand":65057.542181098,"12_fulfilled_demand":4420.0,"12_lost_demand":65057.542181098,"13_fulfilled_demand":5304.0,"13_lost_demand":65057.542181098,"14_fulfilled_demand":6188.0,"14_lost_demand":65057.542181098,"15_fulfilled_demand":7072.0,"15_lost_demand":65057.542181098},"Agent 7":{"1_fulfilled_demand":587.0,"1_lost_demand":0.0,"2_fulfilled_demand":1174.0,"2_lost_demand":0.0,"3_fulfilled_demand":1761.0,"3_lost_demand":0.0,"4_fulfilled_demand":1761.0,"4_lost_demand":1207.4273879885,"5_fulfilled_demand":1761.0,"5_lost_demand":2414.854775977,"6_fulfilled_demand":1761.0,"6_lost_demand":3622.2821639655,"7_fulfilled_demand":1761.0,"7_lost_demand":4829.709551954,"8_fulfilled_demand":1761.0,"8_lost_demand":6037.1369399425,"9_fulfilled_demand":1761.0,"9_lost_demand":7244.564327931,"10_fulfilled_demand":1761.0,"10_lost_demand":8451.9917159195,"11_fulfilled_demand":2348.0,"11_lost_demand":8451.9917159195,"12_fulfilled_demand":2935.0,"12_lost_demand":8451.9917159195,"13_fulfilled_demand":3522.0,"13_lost_demand":8451.9917159195,"14_fulfilled_demand":4109.0,"14_lost_demand":8451.9917159195,"15_fulfilled_demand":4696.0,"15_lost_demand":8451.9917159195},"Agent 8":{"1_fulfilled_demand":918.0,"1_lost_demand":0.0,"2_fulfilled_demand":1836.0,"2_lost_demand":0.0,"3_fulfilled_demand":2754.0,"3_lost_demand":0.0,"4_fulfilled_demand":2754.0,"4_lost_demand":8730.7162954054,"5_fulfilled_demand":2754.0,"5_lost_demand":17461.4325908108,"6_fulfilled_demand":2754.0,"6_lost_demand":26192.1488862162,"7_fulfilled_demand":2754.0,"7_lost_demand":34922.8651816216,"8_fulfilled_demand":2754.0,"8_lost_demand":43653.581477027,"9_fulfilled_demand":2754.0,"9_lost_demand":52384.2977724324,"10_fulfilled_demand":2754.0,"10_lost_demand":61115.0140678378,"11_fulfilled_demand":3672.0,"11_lost_demand":61115.0140678378,"12_fulfilled_demand":4590.0,"12_lost_demand":61115.0140678378,"13_fulfilled_demand":5508.0,"13_lost_demand":61115.0140678378,"14_fulfilled_demand":6426.0,"14_lost_demand":61115.0140678378,