{"Agent 0":{"1_fulfilled_demand":488.0,"1_lost_demand":0.0,"2_fulfilled_demand":976.0,"2_lost_demand":0.0,"3_fulfilled_demand":1464.0,"3_lost_demand":0.0,"4_fulfilled_demand":1464.0,"4_lost_demand":5220.7415111015,"5_fulfilled_demand":1464.0,"5_lost_demand":10441.4830222029,"6_fulfilled_demand":1464.0,"6_lost_demand":15662.2245333044,"7_fulfilled_demand":1464.0,"7_lost_demand":20882.9660444058,"8_fulfilled_demand":1464.0,"8_lost_demand":26103.7075555073,"9_fulfilled_demand":1464.0,"9_lost_demand":31324.4490666087,"10_fulfilled_demand":1464.0,"10_lost_demand":36545.1905777102,"11_fulfilled_demand":1464.0,"11_lost_demand":41765.9320888116,"12_fulfilled_demand":1464.0,"12_lost_demand":46986.6735999131,"13_fulfilled_demand":1464.0,"13_lost_demand":52207.4151110145,"14_fulfilled_demand":1464.0,"14_lost_demand":57428.156622116,"15_fulfilled_demand":1464.0,"15_lost_demand":62648.8981332174},"Agent 1":{"1_fulfilled_demand":835.0,"1_lost_demand":0.0,"2_fulfilled_demand":1670.0,"2_lost_demand":0.0,"3_fulfilled_demand":2505.0,"3_lost_demand":0.0,"4_fulfilled_demand":2505.0,"4_lost_demand":9399.6505476919,"5_fulfilled_demand":2505.0,"5_lost_demand":18799.3010953839,"6_fulfilled_demand":2505.0,"6_lost_demand":28198.9516430758,"7_fulfilled_demand":2505.0,"7_lost_demand":37598.6021907677,"8_fulfilled_demand":2505.0,"8_lost_demand":46998.2527384597,"9_fulfilled_demand":2505.0,"9_lost_demand":56397.9032861516,"10_fulfilled_demand":2505.0,"10_lost_demand":65797.5538338435,"11_fulfilled_demand":2505.0,"11_lost_demand":75197.2043815355,"12_fulfilled_demand":2505.0,"12_lost_demand":84596.8549292274,"13_fulfilled_demand":2505.0,"13_lost_demand":93996.5054769194,"14_fulfilled_demand":2505.0,"14_lost_demand":103396.1560246113,"15_fulfilled_demand":2505.0,"15_lost_demand":112795.8065723032},"Agent 2":{"1_fulfilled_demand":841.0,"1_lost_demand":0.0,"2_fulfilled_demand":1682.0,"2_lost_demand":0.0,"3_fulfilled_demand":2523.0,"3_lost_demand":0.0,"4_fulfilled_demand":2523.0,"4_lost_demand":2809.0160748727,"5_fulfilled_demand":2523.0,"5_lost_demand":5618.0321497454,"6_fulfilled_demand":2523.0,"6_lost_demand":8427.0482246181,"7_fulfilled_demand":2523.0,"7_lost_demand":11236.0642994908,"8_fulfilled_demand":2523.0,"8_lost_demand":14045.0803743636,"9_fulfilled_demand":2523.0,"9_lost_demand":16854.0964492363,"10_fulfilled_demand":2523.0,"10_lost_demand":19663.112524109,"11_fulfilled_demand":2523.0,"11_lost_demand":22472.1285989817,"12_fulfilled_demand":2523.0,"12_lost_demand":25281.1446738544,"13_fulfilled_demand":2523.0,"13_lost_demand":28090.1607487271,"14_fulfilled_demand":2523.0,"14_lost_demand":30899.1768235998,"15_fulfilled_demand":2523.0,"15_lost_demand":33708.1928984725},"Agent 3":{"1_fulfilled_demand":734.0,"1_lost_demand":0.0,"2_fulfilled_demand":1468.0,"2_lost_demand":0.0,"3_fulfilled_demand":2202.0,"3_lost_demand":0.0,"4_fulfilled_demand":2202.0,"4_lost_demand":138.998907459,"5_fulfilled_demand":2202.0,"5_lost_demand":277.9978149181,"6_fulfilled_demand":2202.0,"6_lost_demand":416.9967223771,"7_fulfilled_demand":2202.0,"7_lost_demand":555.9956298362,"8_fulfilled_demand":2202.0,"8_lost_demand":694.9945372952,"9_fulfilled_demand":2202.0,"9_lost_demand":833.9934447543,"10_fulfilled_demand":2202.0,"10_lost_demand":972.9923522133,"11_fulfilled_demand":2202.0,"11_lost_demand":1111.9912596723,"12_fulfilled_demand":2202.0,"12_lost_demand":1250.9901671314,"13_fulfilled_demand":2202.0,"13_lost_demand":1389.9890745904,"14_fulfilled_demand":2202.0,"14_lost_demand":1528.9879820495,"15_fulfilled_demand":2202.0,"15_lost_demand":1667.9868895085},"Agent 4":{"1_fulfilled_demand":446.0,"1_lost_demand":0.0,"2_fulfilled_demand":892.0,"2_lost_demand":0.0,"3_fulfilled_demand":1338.0,"3_lost_demand":0.0,"4_fulfilled_demand":1338.0,"4_lost_demand":7465.8963937975,"5_fulfilled_demand":1338.0,"5_lost_demand":14931.7927875951,"6_fulfilled_demand":1338.0,"6_lost_demand":22397.6891813926,"7_fulfilled_demand":1338.0,"7_lost_demand":29863.5855751901,"8_fulfilled_demand":1338.0,"8_lost_demand":37329.4819689877,"9_fulfilled_demand":1338.0,"9_lost_demand":44795.3783627852,"10_fulfilled_demand":1338.0,"10_lost_demand":52261.2747565827,"11_fulfilled_demand":1338.0,"11_lost_demand":59727.1711503803,"12_fulfilled_demand":1338.0,"12_lost_demand":67193.0675441778,"13_fulfilled_demand":1338.0,"13_lost_demand":74658.9639379753,"14_fulfilled_demand":1338.0,"14_lost_demand":82124.8603317729,"15_fulfilled_demand":1338.0,"15_lost_demand":89590.7567255704},"Agent 5":{"1_fulfilled_demand":827.0,"1_lost_demand":0.0,"2_fulfilled_demand":1654.0,"2_lost_demand":0.0,"3_fulfilled_demand":2481.0,"3_lost_demand":0.0,"4_fulfilled_demand":2481.0,"4_lost_demand":6616.0674290627,"5_fulfilled_demand":2481.0,"5_lost_demand":13232.1348581254,"6_fulfilled_demand":2481.0,"6_lost_demand":19848.2022871881,"7_fulfilled_demand":2481.0,"7_lost_demand":26464.2697162508,"8_fulfilled_demand":2481.0,"8_lost_demand":33080.3371453135,"9_fulfilled_demand":2481.0,"9_lost_demand":39696.4045743761,"10_fulfilled_demand":2481.0,"10_lost_demand":46312.4720034388,"11_fulfilled_demand":2481.0,"11_lost_demand":52928.5394325015,"12_fulfilled_demand":2481.0,"12_lost_demand":59544.6068615642,"13_fulfilled_demand":2481.0,"13_lost_demand":66160.6742906269,"14_fulfilled_demand":2481.0,"14_lost_demand":72776.7417196896,"15_fulfilled_demand":2481.0,"15_lost_demand":79392.8091487523},"Agent 6":{"1_fulfilled_demand":788.0,"1_lost_demand":0.0,"2_fulfilled_demand":1576.0,"2_lost_demand":0.0,"3_fulfilled_demand":2364.0,"3_lost_demand":0.0,"4_fulfilled_demand":2364.0,"4_lost_demand":846.3221213815,"5_fulfilled_demand":2364.0,"5_lost_demand":1692.644242763,"6_fulfilled_demand":2364.0,"6_lost_demand":2538.9663641445,"7_fulfilled_demand":2364.0,"7_lost_demand":3385.288485526,"8_fulfilled_demand":2364.0,"8_lost_demand":4231.6106069075,"9_fulfilled_demand":2364.0,"9_lost_demand":5077.932728289,"10_fulfilled_demand":2364.0,"10_lost_demand":5924.2548496705,"11_fulfilled_demand":2364.0,"11_lost_demand":6770.5769710521,"12_fulfilled_demand":2364.0,"12_lost_demand":7616.8990924336,"13_fulfilled_demand":2364.0,"13_lost_demand":8463.2212138151,"14_fulfilled_demand":2364.0,"14_lost_demand":9309.5433351966,"15_fulfilled_demand":2364.0,"15_lost_demand":10155.8654565781},"Agent 7":{"1_fulfilled_demand":563.0,"1_lost_demand":0.0,"2_fulfilled_demand":1126.0,"2_lost_demand":0.0,"3_fulfilled_demand":1689.0,"3_lost_demand":0.0,"4_fulfilled_demand":1689.0,"4_lost_demand":8975.7755284765,"5_fulfilled_demand":1689.0,"5_lost_demand":17951.551056953,"6_fulfilled_demand":1689.0,"6_lost_demand":26927.3265854295,"7_fulfilled_demand":1689.0,"7_lost_demand":35903.1021139059,"8_fulfilled_demand":1689.0,"8_lost_demand":44878.8776423824,"9_fulfilled_demand":1689.0,"9_lost_demand":53854.6531708589,"10_fulfilled_demand":1689.0,"10_lost_demand":62830.4286993354,"11_fulfilled_demand":1689.0,"11_lost_demand":71806.2042278119,"12_fulfilled_demand":1689.0,"12_lost_demand":80781.9797562884,"13_fulfilled_demand":1689.0,"13_lost_demand":89757.7552847648,"14_fulfilled_demand":1689.0,"14_lost_demand":98733.5308132413,"15_fulfilled_demand":1689.0,"15_lost_demand":107709.3063417178},"Agent 8":{"1_fulfilled_demand":726.0,"1_lost_demand":0.0,"2_fulfilled_demand":1452.0,"2_lost_demand":0.0,"3_fulfilled_demand":2178.0,"3_lost_demand":0.0,"4_fulfilled_demand":2178.0,"4_lost_demand":7350.1476212426,"5_fulfilled_demand":2178.0,"5_lost_demand":14700.2952424853,"6_fulfilled_demand":2178.0,"6_lost_demand":22050.4428637279,"7_fulfilled_demand":2178.0,"7_lost_demand":29400.5904849705,"8_fulfilled_demand":2178.0,"8_lost_demand":36750.7381062131,"9_fulfilled_demand":2178.0,"9_lost_demand":44100.8857274558,"10_fulfilled_demand":2178.0,"10_lost_demand":51451.0333486984,"11_fulfilled_demand":2178.0,"11_lost_demand":58801.180969941,"12_fulfilled_demand":2178.0,"12_lost_demand":66151.3285911836,"13_fulfilled_demand":2178.0,"13_lost_demand":73501.4762124262,"14_fulfilled_demand":2178.0,"14_lost_demand":80851.6238336689,