{"Agent 0":{"fulfilled_demand":7950.0,"lost_demand":37665.4492216321,"cost":170.899769956,"cost_after_disruption":0.0,"loss":-170.899769956},"Agent 1":{"fulfilled_demand":7620.0,"lost_demand":3729.515083229,"cost":270.4610063111,"cost_after_disruption":0.0,"loss":-270.4610063111},"Agent 2":{"fulfilled_demand":8720.0,"lost_demand":6161.1822441642,"cost":70.9594381058,"cost_after_disruption":0.0,"loss":-70.9594381058},"Agent 3":{"fulfilled_demand":8470.0,"lost_demand":24059.6882733943,"cost":90.1664586054,"cost_after_disruption":0.0,"loss":-90.1664586054},"Agent 4":{"fulfilled_demand":4680.0,"lost_demand":35974.6345992834,"cost":217.7800323611,"cost_after_disruption":224.3077698823,"loss":6.5277375212},"Agent 5":{"fulfilled_demand":6940.0,"lost_demand":18506.8552832306,"cost":110.6702789759,"cost_after_disruption":0.0,"loss":-110.6702789759},"Agent 6":{"fulfilled_demand":6410.0,"lost_demand":24455.83482247,"cost":256.9062227783,"cost_after_disruption":263.4339602995,"loss":6.5277375212},"Agent 7":{"fulfilled_demand":9040.0,"lost_demand":54296.7803891099,"cost":270.8789773557,"cost_after_disruption":277.4067148769,"loss":6.5277375212},"Agent 8":{"fulfilled_demand":4430.0,"lost_demand":10193.1987109018,"cost":160.6159412299,"cost_after_disruption":0.0,"loss":-160.6159412299},"Agent 9":{"fulfilled_demand":9080.0,"lost_demand":13220.0377287383,"cost":97.0325747929,"cost_after_disruption":0.0,"loss":-97.0325747929}}