{"Agent 0":{"fulfilled_demand":7120.0,"lost_demand":13330.008038591,"cost":170.899769956,"cost_after_disruption":0.0,"loss":-170.899769956},"Agent 1":{"fulfilled_demand":6560.0,"lost_demand":44949.9560687335,"cost":270.4610063111,"cost_after_disruption":0.0,"loss":-270.4610063111},"Agent 2":{"fulfilled_demand":6232.0,"lost_demand":19614.5527474556,"cost":70.9594381058,"cost_after_disruption":0.0,"loss":-70.9594381058},"Agent 3":{"fulfilled_demand":7768.0,"lost_demand":9010.1212779207,"cost":90.1664586054,"cost_after_disruption":0.0,"loss":-90.1664586054},"Agent 4":{"fulfilled_demand":4888.0,"lost_demand":23776.3348504748,"cost":217.7800323611,"cost_after_disruption":224.3077698823,"loss":6.5277375212},"Agent 5":{"fulfilled_demand":6120.0,"lost_demand":19380.1975174176,"cost":110.6702789759,"cost_after_disruption":0.0,"loss":-110.6702789759},"Agent 6":{"fulfilled_demand":5648.0,"lost_demand":40269.5212492011,"cost":256.9062227783,"cost_after_disruption":263.4339602995,"loss":6.5277375212},"Agent 7":{"fulfilled_demand":7960.0,"lost_demand":83759.5926008824,"cost":270.8789773557,"cost_after_disruption":277.4067148769,"loss":6.5277375212},"Agent 8":{"fulfilled_demand":7616.0,"lost_demand":63378.5331073874,"cost":160.6159412299,"cost_after_disruption":0.0,"loss":-160.6159412299},"Agent 9":{"fulfilled_demand":6848.0,"lost_demand":8724.0601399339,"cost":97.0325747929,"cost_after_disruption":0.0,"loss":-97.0325747929}}