,Agent 0,Agent 1,Agent 2,Agent 3,Agent 4,Agent 5,Agent 6,Agent 7,Agent 8,Agent 9
fulfilled_demand,15283.0,14076.0,97140.0,56595.0,10965.0,34710.0,11341.0,19498.0,42645.0,68745.0
lost_demand,583.0,762.0,0.0,0.0,0.0,0.0,785.0,654.0,0.0,0.0
cost,272.91255810187084,397.6354383630546,64.52027028422863,85.00172171455466,268.30773327631283,100.22883192854395,297.9368328999828,234.59502352843933,148.43256048219672,75.8429627473477
cost_after_disruption,0.0,0.0,64.52027028422863,85.00172171455466,268.30773327631283,100.22883192854395,284.48836159207957,0.0,148.43256048219672,75.8429627473477
loss,-inf,-inf,0.0,0.0,0.0,0.0,-21.948647834673903,-inf,0.0,0.0
