{"Agent 0":{"fulfilled_demand":911.0,"lost_demand":74070.340012832,"cost":170.899769956,"cost_after_disruption":0.0,"loss":-170.899769956},"Agent 1":{"fulfilled_demand":854.0,"lost_demand":216513.5231493662,"cost":270.4610063111,"cost_after_disruption":0.0,"loss":-270.4610063111},"Agent 2":{"fulfilled_demand":433.0,"lost_demand":6230.0394935986,"cost":70.9594381058,"cost_after_disruption":0.0,"loss":-70.9594381058},"Agent 3":{"fulfilled_demand":571.0,"lost_demand":21193.7353231421,"cost":90.1664586054,"cost_after_disruption":0.0,"loss":-90.1664586054},"Agent 4":{"fulfilled_demand":857.0,"lost_demand":185323.680277858,"cost":217.7800323611,"cost_after_disruption":224.3077698823,"loss":6.5277375212},"Agent 5":{"fulfilled_demand":456.0,"lost_demand":27968.2850447439,"cost":110.6702789759,"cost_after_disruption":0.0,"loss":-110.6702789759},"Agent 6":{"fulfilled_demand":832.0,"lost_demand":118975.9112309674,"cost":256.9062227783,"cost_after_disruption":263.4339602995,"loss":6.5277375212},"Agent 7":{"fulfilled_demand":919.0,"lost_demand":188877.1250854974,"cost":270.8789773557,"cost_after_disruption":277.4067148769,"loss":6.5277375212},"Agent 8":{"fulfilled_demand":569.0,"lost_demand":53766.09361875,"cost":160.6159412299,"cost_after_disruption":0.0,"loss":-160.6159412299},"Agent 9":{"fulfilled_demand":557.0,"lost_demand":6487.7189558654,"cost":97.0325747929,"cost_after_disruption":0.0,"loss":-97.0325747929}}