{"Agent 0":{"fulfilled_demand":1464.0,"lost_demand":62648.8981332174,"cost":170.899769956,"cost_after_disruption":0.0,"loss":-170.899769956},"Agent 1":{"fulfilled_demand":2505.0,"lost_demand":112795.8065723032,"cost":270.4610063111,"cost_after_disruption":0.0,"loss":-270.4610063111},"Agent 2":{"fulfilled_demand":2523.0,"lost_demand":33708.1928984725,"cost":70.9594381058,"cost_after_disruption":0.0,"loss":-70.9594381058},"Agent 3":{"fulfilled_demand":2202.0,"lost_demand":1667.9868895085,"cost":90.1664586054,"cost_after_disruption":0.0,"loss":-90.1664586054},"Agent 4":{"fulfilled_demand":1338.0,"lost_demand":89590.7567255704,"cost":217.7800323611,"cost_after_disruption":252.9571684034,"loss":35.1771360423},"Agent 5":{"fulfilled_demand":2481.0,"lost_demand":79392.8091487523,"cost":110.6702789759,"cost_after_disruption":0.0,"loss":-110.6702789759},"Agent 6":{"fulfilled_demand":2364.0,"lost_demand":10155.8654565781,"cost":256.9062227783,"cost_after_disruption":284.7629661743,"loss":27.856743396},"Agent 7":{"fulfilled_demand":1689.0,"lost_demand":107709.3063417178,"cost":270.8789773557,"cost_after_disruption":266.3758809144,"loss":-4.5030964413},"Agent 8":{"fulfilled_demand":2178.0,"lost_demand":88201.7714549115,"cost":160.6159412299,"cost_after_disruption":0.0,"loss":-160.6159412299},"Agent 9":{"fulfilled_demand":2736.0,"lost_demand":56906.8962017433,"cost":97.0325747929,"cost_after_disruption":0.0,"loss":-97.0325747929}}