,Agent 0,Agent 1,Agent 2,Agent 3,Agent 4,Agent 5,Agent 6,Agent 7,Agent 8,Agent 9
fulfilled_demand,9710.0,8450.0,5510.0,7040.0,5050.0,6770.0,5600.0,7730.0,9230.0,6500.0
lost_demand,41551.96727278287,14475.119237073106,2477.4478644434384,9332.242724225687,14017.893883208424,16119.211901434624,15668.012741176797,58540.34849858971,1415.8498736136037,2027.9321563121246
cost,170.89976995599116,270.461006311089,70.9594381057955,90.16645860535019,217.78003236107222,110.67027897589885,256.9062227782775,270.87897735568686,160.61594122991983,97.03257479290669
cost_after_disruption,0.0,0.0,0.0,0.0,224.30776988229618,0.0,263.4339602995015,277.4067148769109,0.0,0.0
loss,-170.89976995599116,-270.461006311089,-70.9594381057955,-90.16645860535019,6.527737521223969,-110.67027897589885,6.527737521224026,6.527737521224026,-160.61594122991983,-97.03257479290669
