,Agent 0,Agent 1,Agent 2,Agent 3,Agent 4,Agent 5,Agent 6,Agent 7,Agent 8,Agent 9
fulfilled_demand,7950.0,7620.0,8720.0,8470.0,4680.0,6940.0,6410.0,9040.0,4430.0,9080.0
lost_demand,37665.44922163211,3729.5150832289796,6161.182244164238,24059.68827339435,35974.6345992834,18506.855283230583,24455.83482246995,54296.78038910993,10193.198710901836,13220.03772873832
cost,170.89976995599116,270.461006311089,70.9594381057955,90.16645860535019,217.78003236107222,110.67027897589885,256.9062227782775,270.87897735568686,160.61594122991983,97.03257479290669
cost_after_disruption,0.0,0.0,0.0,0.0,224.30776988229618,0.0,263.4339602995015,277.4067148769109,0.0,0.0
loss,-170.89976995599116,-270.461006311089,-70.9594381057955,-90.16645860535019,6.527737521223969,-110.67027897589885,6.527737521224026,6.527737521224026,-160.61594122991983,-97.03257479290669
