,Agent 0,Agent 1,Agent 2,Agent 3,Agent 4,Agent 5,Agent 6,Agent 7,Agent 8,Agent 9
fulfilled_demand,3440.0,6240.0,4296.0,6480.0,6304.0,5888.0,3848.0,7928.0,4856.0,5992.0
lost_demand,14720.77934277787,5344.659410611608,9175.100022111219,12884.857852197965,66045.70718127606,13738.806688646104,48012.5630474717,112439.52127121291,13035.636214483642,15267.105244884364
cost,170.89976995599116,270.461006311089,70.9594381057955,90.16645860535019,217.78003236107222,110.67027897589885,256.9062227782775,270.87897735568686,160.61594122991983,97.03257479290669
cost_after_disruption,0.0,0.0,0.0,0.0,224.30776988229618,0.0,263.4339602995015,277.4067148769109,0.0,0.0
loss,-170.89976995599116,-270.461006311089,-70.9594381057955,-90.16645860535019,6.527737521223969,-110.67027897589885,6.527737521224026,6.527737521224026,-160.61594122991983,-97.03257479290669
