{"Agent 0":{"fulfilled_demand":3440.0,"lost_demand":14720.7793427779,"cost":170.899769956,"cost_after_disruption":0.0,"loss":-170.899769956},"Agent 1":{"fulfilled_demand":6240.0,"lost_demand":5344.6594106116,"cost":270.4610063111,"cost_after_disruption":0.0,"loss":-270.4610063111},"Agent 2":{"fulfilled_demand":4296.0,"lost_demand":9175.1000221112,"cost":70.9594381058,"cost_after_disruption":0.0,"loss":-70.9594381058},"Agent 3":{"fulfilled_demand":6480.0,"lost_demand":12884.857852198,"cost":90.1664586054,"cost_after_disruption":0.0,"loss":-90.1664586054},"Agent 4":{"fulfilled_demand":6304.0,"lost_demand":66045.7071812761,"cost":217.7800323611,"cost_after_disruption":224.3077698823,"loss":6.5277375212},"Agent 5":{"fulfilled_demand":5888.0,"lost_demand":13738.8066886461,"cost":110.6702789759,"cost_after_disruption":0.0,"loss":-110.6702789759},"Agent 6":{"fulfilled_demand":3848.0,"lost_demand":48012.5630474717,"cost":256.9062227783,"cost_after_disruption":263.4339602995,"loss":6.5277375212},"Agent 7":{"fulfilled_demand":7928.0,"lost_demand":112439.5212712129,"cost":270.8789773557,"cost_after_disruption":277.4067148769,"loss":6.5277375212},"Agent 8":{"fulfilled_demand":4856.0,"lost_demand":13035.6362144836,"cost":160.6159412299,"cost_after_disruption":0.0,"loss":-160.6159412299},"Agent 9":{"fulfilled_demand":5992.0,"lost_demand":15267.1052448844,"cost":97.0325747929,"cost_after_disruption":0.0,"loss":-97.0325747929}}