{"Agent 0":{"fulfilled_demand":5688.0,"lost_demand":24340.6374714304,"cost":170.899769956,"cost_after_disruption":0.0,"loss":-170.899769956},"Agent 1":{"fulfilled_demand":5552.0,"lost_demand":87974.464324157,"cost":270.4610063111,"cost_after_disruption":0.0,"loss":-270.4610063111},"Agent 2":{"fulfilled_demand":4176.0,"lost_demand":12204.6905322056,"cost":70.9594381058,"cost_after_disruption":0.0,"loss":-70.9594381058},"Agent 3":{"fulfilled_demand":5952.0,"lost_demand":18738.7191973941,"cost":90.1664586054,"cost_after_disruption":0.0,"loss":-90.1664586054},"Agent 4":{"fulfilled_demand":6304.0,"lost_demand":76268.0019234527,"cost":217.7800323611,"cost_after_disruption":217.7769044818,"loss":-0.0031278793},"Agent 5":{"fulfilled_demand":3560.0,"lost_demand":17206.8420338682,"cost":110.6702789759,"cost_after_disruption":0.0,"loss":-110.6702789759},"Agent 6":{"fulfilled_demand":7072.0,"lost_demand":65057.542181098,"cost":256.9062227783,"cost_after_disruption":256.903094899,"loss":-0.0031278793},"Agent 7":{"fulfilled_demand":4696.0,"lost_demand":8451.9917159195,"cost":270.8789773557,"cost_after_disruption":0.0,"loss":-270.8789773557},"Agent 8":{"fulfilled_demand":7344.0,"lost_demand":61115.0140678378,"cost":160.6159412299,"cost_after_disruption":0.0,"loss":-160.6159412299},"Agent 9":{"fulfilled_demand":6248.0,"lost_demand":19330.6653000505,"cost":97.0325747929,"cost_after_disruption":0.0,"loss":-97.0325747929}}