{"Agent 0":{"fulfilled_demand":9710.0,"lost_demand":41551.9672727829,"cost":170.899769956,"cost_after_disruption":0.0,"loss":-170.899769956},"Agent 1":{"fulfilled_demand":8450.0,"lost_demand":14475.1192370731,"cost":270.4610063111,"cost_after_disruption":0.0,"loss":-270.4610063111},"Agent 2":{"fulfilled_demand":5510.0,"lost_demand":2477.4478644434,"cost":70.9594381058,"cost_after_disruption":0.0,"loss":-70.9594381058},"Agent 3":{"fulfilled_demand":7040.0,"lost_demand":9332.2427242257,"cost":90.1664586054,"cost_after_disruption":0.0,"loss":-90.1664586054},"Agent 4":{"fulfilled_demand":5050.0,"lost_demand":14017.8938832084,"cost":217.7800323611,"cost_after_disruption":224.3077698823,"loss":6.5277375212},"Agent 5":{"fulfilled_demand":6770.0,"lost_demand":16119.2119014346,"cost":110.6702789759,"cost_after_disruption":0.0,"loss":-110.6702789759},"Agent 6":{"fulfilled_demand":5600.0,"lost_demand":15668.0127411768,"cost":256.9062227783,"cost_after_disruption":263.4339602995,"loss":6.5277375212},"Agent 7":{"fulfilled_demand":7730.0,"lost_demand":58540.3484985897,"cost":270.8789773557,"cost_after_disruption":277.4067148769,"loss":6.5277375212},"Agent 8":{"fulfilled_demand":9230.0,"lost_demand":1415.8498736136,"cost":160.6159412299,"cost_after_disruption":0.0,"loss":-160.6159412299},"Agent 9":{"fulfilled_demand":6500.0,"lost_demand":2027.9321563121,"cost":97.0325747929,"cost_after_disruption":0.0,"loss":-97.0325747929}}