,Agent 0,Agent 1,Agent 2,Agent 3,Agent 4,Agent 5,Agent 6,Agent 7,Agent 8,Agent 9
fulfilled_demand,31320.0,17205.0,75045.0,54765.0,11414.0,37440.0,9695.0,15180.0,28515.0,26010.0
lost_demand,0.0,0.0,0.0,0.0,690.0,0.0,595.0,0.0,0.0,0.0
cost,170.89976995599116,270.461006311089,70.9594381057955,90.16645860535019,217.78003236107222,110.67027897589885,256.9062227782775,270.87897735568686,160.61594122991983,97.03257479290669
cost_after_disruption,170.89976995599116,270.461006311089,70.9594381057955,90.16645860535019,225.7607588263455,110.67027897589885,264.88694924355076,270.87897735568686,160.61594122991983,97.03257479290669
loss,0.0,0.0,0.0,0.0,12.876587530597636,0.0,10.952671630741351,0.0,0.0,0.0
