{"Agent 0":{"fulfilled_demand":7245.0,"lost_demand":483.0,"cost":272.9125581019,"cost_after_disruption":0.0,"loss":null},"Agent 1":{"fulfilled_demand":7575.0,"lost_demand":505.0,"cost":397.6354383631,"cost_after_disruption":0.0,"loss":null},"Agent 2":{"fulfilled_demand":99930.0,"lost_demand":0.0,"cost":64.5202702842,"cost_after_disruption":64.5202702842,"loss":0.0},"Agent 3":{"fulfilled_demand":89025.0,"lost_demand":0.0,"cost":85.0017217146,"cost_after_disruption":85.0017217146,"loss":0.0},"Agent 4":{"fulfilled_demand":13170.0,"lost_demand":0.0,"cost":268.3077332763,"cost_after_disruption":268.3077332763,"loss":0.0},"Agent 5":{"fulfilled_demand":65145.0,"lost_demand":0.0,"cost":100.2288319285,"cost_after_disruption":100.2288319285,"loss":0.0},"Agent 6":{"fulfilled_demand":10050.0,"lost_demand":670.0,"cost":297.9368329,"cost_after_disruption":284.4883615921,"loss":-43.8972956693},"Agent 7":{"fulfilled_demand":12345.0,"lost_demand":823.0,"cost":234.5950235284,"cost_after_disruption":0.0,"loss":null},"Agent 8":{"fulfilled_demand":32745.0,"lost_demand":0.0,"cost":148.4325604822,"cost_after_disruption":148.4325604822,"loss":0.0},"Agent 9":{"fulfilled_demand":60420.0,"lost_demand":0.0,"cost":75.8429627473,"cost_after_disruption":75.8429627473,"loss":0.0}}