{"Agent 0":{"fulfilled_demand":15283.0,"lost_demand":583.0,"cost":272.9125581019,"cost_after_disruption":0.0,"loss":null},"Agent 1":{"fulfilled_demand":14076.0,"lost_demand":762.0,"cost":397.6354383631,"cost_after_disruption":0.0,"loss":null},"Agent 2":{"fulfilled_demand":97140.0,"lost_demand":0.0,"cost":64.5202702842,"cost_after_disruption":64.5202702842,"loss":0.0},"Agent 3":{"fulfilled_demand":56595.0,"lost_demand":0.0,"cost":85.0017217146,"cost_after_disruption":85.0017217146,"loss":0.0},"Agent 4":{"fulfilled_demand":10965.0,"lost_demand":0.0,"cost":268.3077332763,"cost_after_disruption":268.3077332763,"loss":0.0},"Agent 5":{"fulfilled_demand":34710.0,"lost_demand":0.0,"cost":100.2288319285,"cost_after_disruption":100.2288319285,"loss":0.0},"Agent 6":{"fulfilled_demand":11341.0,"lost_demand":785.0,"cost":297.9368329,"cost_after_disruption":284.4883615921,"loss":-21.9486478347},"Agent 7":{"fulfilled_demand":19498.0,"lost_demand":654.0,"cost":234.5950235284,"cost_after_disruption":0.0,"loss":null},"Agent 8":{"fulfilled_demand":42645.0,"lost_demand":0.0,"cost":148.4325604822,"cost_after_disruption":148.4325604822,"loss":0.0},"Agent 9":{"fulfilled_demand":68745.0,"lost_demand":0.0,"cost":75.8429627473,"cost_after_disruption":75.8429627473,"loss":0.0}}