{"Agent 0":{"fulfilled_demand":19095.0,"lost_demand":0.0,"cost":170.899769956,"cost_after_disruption":170.899769956,"loss":0.0},"Agent 1":{"fulfilled_demand":9945.0,"lost_demand":0.0,"cost":270.4610063111,"cost_after_disruption":270.4610063111,"loss":0.0},"Agent 2":{"fulfilled_demand":49905.0,"lost_demand":0.0,"cost":70.9594381058,"cost_after_disruption":70.9594381058,"loss":0.0},"Agent 3":{"fulfilled_demand":25950.0,"lost_demand":0.0,"cost":90.1664586054,"cost_after_disruption":90.1664586054,"loss":0.0},"Agent 4":{"fulfilled_demand":16706.0,"lost_demand":1082.0,"cost":217.7800323611,"cost_after_disruption":225.7607588263,"loss":141.6424628366},"Agent 5":{"fulfilled_demand":47295.0,"lost_demand":0.0,"cost":110.6702789759,"cost_after_disruption":110.6702789759,"loss":0.0},"Agent 6":{"fulfilled_demand":19578.0,"lost_demand":1274.0,"cost":256.9062227783,"cost_after_disruption":264.8869492436,"loss":120.4793879382},"Agent 7":{"fulfilled_demand":20115.0,"lost_demand":0.0,"cost":270.8789773557,"cost_after_disruption":270.8789773557,"loss":0.0},"Agent 8":{"fulfilled_demand":22950.0,"lost_demand":0.0,"cost":160.6159412299,"cost_after_disruption":160.6159412299,"loss":0.0},"Agent 9":{"fulfilled_demand":28170.0,"lost_demand":0.0,"cost":97.0325747929,"cost_after_disruption":97.0325747929,"loss":0.0}}